--
-- PostgreSQL database dump
--

-- Dumped from database version 9.3.1
-- Dumped by pg_dump version 9.3.1
-- Started on 2014-07-19 16:49:40 ECT

SET statement_timeout = 0;
SET lock_timeout = 0;
SET client_encoding = 'UTF8';
SET standard_conforming_strings = on;
SET check_function_bodies = false;
SET client_min_messages = warning;

--
-- TOC entry 194 (class 3079 OID 11828)
-- Name: plpgsql; Type: EXTENSION; Schema: -; Owner: 
--

CREATE EXTENSION IF NOT EXISTS plpgsql WITH SCHEMA pg_catalog;


--
-- TOC entry 2164 (class 0 OID 0)
-- Dependencies: 194
-- Name: EXTENSION plpgsql; Type: COMMENT; Schema: -; Owner: 
--

COMMENT ON EXTENSION plpgsql IS 'PL/pgSQL procedural language';


SET search_path = public, pg_catalog;

SET default_tablespace = '';

SET default_with_oids = false;

--
-- TOC entry 170 (class 1259 OID 16561)
-- Name: avenida; Type: TABLE; Schema: public; Owner: postgres; Tablespace: 
--

CREATE TABLE avenida (
    id_avenida integer NOT NULL,
    nombre_avenida character varying(50) NOT NULL
);


ALTER TABLE public.avenida OWNER TO postgres;

--
-- TOC entry 171 (class 1259 OID 16564)
-- Name: avenida_id_avenida_seq; Type: SEQUENCE; Schema: public; Owner: postgres
--

CREATE SEQUENCE avenida_id_avenida_seq
    START WITH 1
    INCREMENT BY 1
    NO MINVALUE
    NO MAXVALUE
    CACHE 1;


ALTER TABLE public.avenida_id_avenida_seq OWNER TO postgres;

--
-- TOC entry 2165 (class 0 OID 0)
-- Dependencies: 171
-- Name: avenida_id_avenida_seq; Type: SEQUENCE OWNED BY; Schema: public; Owner: postgres
--

ALTER SEQUENCE avenida_id_avenida_seq OWNED BY avenida.id_avenida;


--
-- TOC entry 172 (class 1259 OID 16566)
-- Name: barrios; Type: TABLE; Schema: public; Owner: postgres; Tablespace: 
--

CREATE TABLE barrios (
    id_barrio integer NOT NULL,
    nombre_barrio character varying(40) NOT NULL
);


ALTER TABLE public.barrios OWNER TO postgres;

--
-- TOC entry 173 (class 1259 OID 16569)
-- Name: barrios_id_barrio_seq; Type: SEQUENCE; Schema: public; Owner: postgres
--

CREATE SEQUENCE barrios_id_barrio_seq
    START WITH 1
    INCREMENT BY 1
    NO MINVALUE
    NO MAXVALUE
    CACHE 1;


ALTER TABLE public.barrios_id_barrio_seq OWNER TO postgres;

--
-- TOC entry 2166 (class 0 OID 0)
-- Dependencies: 173
-- Name: barrios_id_barrio_seq; Type: SEQUENCE OWNED BY; Schema: public; Owner: postgres
--

ALTER SEQUENCE barrios_id_barrio_seq OWNED BY barrios.id_barrio;


--
-- TOC entry 174 (class 1259 OID 16571)
-- Name: cuadrante; Type: TABLE; Schema: public; Owner: postgres; Tablespace: 
--

CREATE TABLE cuadrante (
    id_cuadrante integer NOT NULL,
    codigo_cuadrante character varying(10) NOT NULL,
    id_zona integer NOT NULL,
    punto_x numeric(10,2),
    punto_y numeric(10,2)
);


ALTER TABLE public.cuadrante OWNER TO postgres;

--
-- TOC entry 175 (class 1259 OID 16574)
-- Name: cuadrante_avenida; Type: TABLE; Schema: public; Owner: postgres; Tablespace: 
--

CREATE TABLE cuadrante_avenida (
    id_cuad_ave integer NOT NULL,
    id_cuadrante integer NOT NULL,
    id_avenida integer NOT NULL
);


ALTER TABLE public.cuadrante_avenida OWNER TO postgres;

--
-- TOC entry 176 (class 1259 OID 16577)
-- Name: cuadrante_avenida_id_cuad_ave_seq; Type: SEQUENCE; Schema: public; Owner: postgres
--

CREATE SEQUENCE cuadrante_avenida_id_cuad_ave_seq
    START WITH 1
    INCREMENT BY 1
    NO MINVALUE
    NO MAXVALUE
    CACHE 1;


ALTER TABLE public.cuadrante_avenida_id_cuad_ave_seq OWNER TO postgres;

--
-- TOC entry 2167 (class 0 OID 0)
-- Dependencies: 176
-- Name: cuadrante_avenida_id_cuad_ave_seq; Type: SEQUENCE OWNED BY; Schema: public; Owner: postgres
--

ALTER SEQUENCE cuadrante_avenida_id_cuad_ave_seq OWNED BY cuadrante_avenida.id_cuad_ave;


--
-- TOC entry 177 (class 1259 OID 16579)
-- Name: cuadrante_barrio; Type: TABLE; Schema: public; Owner: postgres; Tablespace: 
--

CREATE TABLE cuadrante_barrio (
    id_cuadra_barrio integer NOT NULL,
    id_cuadrante integer NOT NULL,
    id_barrio integer NOT NULL
);


ALTER TABLE public.cuadrante_barrio OWNER TO postgres;

--
-- TOC entry 178 (class 1259 OID 16582)
-- Name: cuadrante_barrio_id_cuadra_barrio_seq; Type: SEQUENCE; Schema: public; Owner: postgres
--

CREATE SEQUENCE cuadrante_barrio_id_cuadra_barrio_seq
    START WITH 1
    INCREMENT BY 1
    NO MINVALUE
    NO MAXVALUE
    CACHE 1;


ALTER TABLE public.cuadrante_barrio_id_cuadra_barrio_seq OWNER TO postgres;

--
-- TOC entry 2168 (class 0 OID 0)
-- Dependencies: 178
-- Name: cuadrante_barrio_id_cuadra_barrio_seq; Type: SEQUENCE OWNED BY; Schema: public; Owner: postgres
--

ALTER SEQUENCE cuadrante_barrio_id_cuadra_barrio_seq OWNED BY cuadrante_barrio.id_cuadra_barrio;


--
-- TOC entry 179 (class 1259 OID 16584)
-- Name: cuadrante_id_cuadrante_seq; Type: SEQUENCE; Schema: public; Owner: postgres
--

CREATE SEQUENCE cuadrante_id_cuadrante_seq
    START WITH 1
    INCREMENT BY 1
    NO MINVALUE
    NO MAXVALUE
    CACHE 1;


ALTER TABLE public.cuadrante_id_cuadrante_seq OWNER TO postgres;

--
-- TOC entry 2169 (class 0 OID 0)
-- Dependencies: 179
-- Name: cuadrante_id_cuadrante_seq; Type: SEQUENCE OWNED BY; Schema: public; Owner: postgres
--

ALTER SEQUENCE cuadrante_id_cuadrante_seq OWNED BY cuadrante.id_cuadrante;


--
-- TOC entry 180 (class 1259 OID 16586)
-- Name: lugar; Type: TABLE; Schema: public; Owner: postgres; Tablespace: 
--

CREATE TABLE lugar (
    id_lugar integer NOT NULL,
    nombre_lugar character varying(50) NOT NULL,
    id_tipo_lugar integer NOT NULL
);


ALTER TABLE public.lugar OWNER TO postgres;

--
-- TOC entry 181 (class 1259 OID 16589)
-- Name: lugar_cuadrante; Type: TABLE; Schema: public; Owner: postgres; Tablespace: 
--

CREATE TABLE lugar_cuadrante (
    id_lugar_cua integer NOT NULL,
    id_lugar integer NOT NULL,
    id_cuadrante integer NOT NULL
);


ALTER TABLE public.lugar_cuadrante OWNER TO postgres;

--
-- TOC entry 182 (class 1259 OID 16592)
-- Name: lugar_cuadrante_id_lugar_cua_seq; Type: SEQUENCE; Schema: public; Owner: postgres
--

CREATE SEQUENCE lugar_cuadrante_id_lugar_cua_seq
    START WITH 1
    INCREMENT BY 1
    NO MINVALUE
    NO MAXVALUE
    CACHE 1;


ALTER TABLE public.lugar_cuadrante_id_lugar_cua_seq OWNER TO postgres;

--
-- TOC entry 2170 (class 0 OID 0)
-- Dependencies: 182
-- Name: lugar_cuadrante_id_lugar_cua_seq; Type: SEQUENCE OWNED BY; Schema: public; Owner: postgres
--

ALTER SEQUENCE lugar_cuadrante_id_lugar_cua_seq OWNED BY lugar_cuadrante.id_lugar_cua;


--
-- TOC entry 183 (class 1259 OID 16594)
-- Name: lugar_id_lugar_seq; Type: SEQUENCE; Schema: public; Owner: postgres
--

CREATE SEQUENCE lugar_id_lugar_seq
    START WITH 1
    INCREMENT BY 1
    NO MINVALUE
    NO MAXVALUE
    CACHE 1;


ALTER TABLE public.lugar_id_lugar_seq OWNER TO postgres;

--
-- TOC entry 2171 (class 0 OID 0)
-- Dependencies: 183
-- Name: lugar_id_lugar_seq; Type: SEQUENCE OWNED BY; Schema: public; Owner: postgres
--

ALTER SEQUENCE lugar_id_lugar_seq OWNED BY lugar.id_lugar;


--
-- TOC entry 184 (class 1259 OID 16596)
-- Name: sub_menus; Type: TABLE; Schema: public; Owner: postgres; Tablespace: 
--

CREATE TABLE sub_menus (
    idsubmenu integer NOT NULL,
    nombre_submenu character varying(50),
    parent_idsubmenu integer NOT NULL,
    tipo_usuario integer,
    ruta_menu character varying(100)
);


ALTER TABLE public.sub_menus OWNER TO postgres;

--
-- TOC entry 185 (class 1259 OID 16599)
-- Name: sub_menu_idsubmenu_seq; Type: SEQUENCE; Schema: public; Owner: postgres
--

CREATE SEQUENCE sub_menu_idsubmenu_seq
    START WITH 1
    INCREMENT BY 1
    NO MINVALUE
    NO MAXVALUE
    CACHE 1;


ALTER TABLE public.sub_menu_idsubmenu_seq OWNER TO postgres;

--
-- TOC entry 2172 (class 0 OID 0)
-- Dependencies: 185
-- Name: sub_menu_idsubmenu_seq; Type: SEQUENCE OWNED BY; Schema: public; Owner: postgres
--

ALTER SEQUENCE sub_menu_idsubmenu_seq OWNED BY sub_menus.idsubmenu;


--
-- TOC entry 186 (class 1259 OID 16601)
-- Name: sugerencias; Type: TABLE; Schema: public; Owner: postgres; Tablespace: 
--

CREATE TABLE sugerencias (
    id_sugerencias integer NOT NULL,
    descripcion character varying(200) NOT NULL,
    fecha character varying(50) NOT NULL,
    id_usuario integer NOT NULL
);


ALTER TABLE public.sugerencias OWNER TO postgres;

--
-- TOC entry 187 (class 1259 OID 16604)
-- Name: sugerencias_id_sugerencias_seq; Type: SEQUENCE; Schema: public; Owner: postgres
--

CREATE SEQUENCE sugerencias_id_sugerencias_seq
    START WITH 1
    INCREMENT BY 1
    NO MINVALUE
    NO MAXVALUE
    CACHE 1;


ALTER TABLE public.sugerencias_id_sugerencias_seq OWNER TO postgres;

--
-- TOC entry 2173 (class 0 OID 0)
-- Dependencies: 187
-- Name: sugerencias_id_sugerencias_seq; Type: SEQUENCE OWNED BY; Schema: public; Owner: postgres
--

ALTER SEQUENCE sugerencias_id_sugerencias_seq OWNED BY sugerencias.id_sugerencias;


--
-- TOC entry 188 (class 1259 OID 16606)
-- Name: tipo_lugar; Type: TABLE; Schema: public; Owner: postgres; Tablespace: 
--

CREATE TABLE tipo_lugar (
    id_tipo_lugar integer NOT NULL,
    tipo_lugar character varying(50) NOT NULL
);


ALTER TABLE public.tipo_lugar OWNER TO postgres;

--
-- TOC entry 189 (class 1259 OID 16609)
-- Name: tipo_lugar_id_tipo_lugar_seq; Type: SEQUENCE; Schema: public; Owner: postgres
--

CREATE SEQUENCE tipo_lugar_id_tipo_lugar_seq
    START WITH 1
    INCREMENT BY 1
    NO MINVALUE
    NO MAXVALUE
    CACHE 1;


ALTER TABLE public.tipo_lugar_id_tipo_lugar_seq OWNER TO postgres;

--
-- TOC entry 2174 (class 0 OID 0)
-- Dependencies: 189
-- Name: tipo_lugar_id_tipo_lugar_seq; Type: SEQUENCE OWNED BY; Schema: public; Owner: postgres
--

ALTER SEQUENCE tipo_lugar_id_tipo_lugar_seq OWNED BY tipo_lugar.id_tipo_lugar;


--
-- TOC entry 190 (class 1259 OID 16611)
-- Name: usuario; Type: TABLE; Schema: public; Owner: postgres; Tablespace: 
--

CREATE TABLE usuario (
    usuario character varying(20) NOT NULL,
    nombres_usuario character varying(100) NOT NULL,
    clave character varying(15) NOT NULL,
    email character varying(50) NOT NULL,
    ciudad character varying(20) NOT NULL,
    pais character varying(15) NOT NULL,
    tipo_usuario integer NOT NULL,
    idusuario integer NOT NULL
);


ALTER TABLE public.usuario OWNER TO postgres;

--
-- TOC entry 191 (class 1259 OID 16614)
-- Name: usuario_idusuario_seq; Type: SEQUENCE; Schema: public; Owner: postgres
--

CREATE SEQUENCE usuario_idusuario_seq
    START WITH 1
    INCREMENT BY 1
    NO MINVALUE
    NO MAXVALUE
    CACHE 1;


ALTER TABLE public.usuario_idusuario_seq OWNER TO postgres;

--
-- TOC entry 2175 (class 0 OID 0)
-- Dependencies: 191
-- Name: usuario_idusuario_seq; Type: SEQUENCE OWNED BY; Schema: public; Owner: postgres
--

ALTER SEQUENCE usuario_idusuario_seq OWNED BY usuario.idusuario;


--
-- TOC entry 192 (class 1259 OID 16616)
-- Name: zonas; Type: TABLE; Schema: public; Owner: postgres; Tablespace: 
--

CREATE TABLE zonas (
    id_zona integer NOT NULL,
    nombre_zona character varying(20) NOT NULL
);


ALTER TABLE public.zonas OWNER TO postgres;

--
-- TOC entry 193 (class 1259 OID 16619)
-- Name: zonas_id_zona_seq; Type: SEQUENCE; Schema: public; Owner: postgres
--

CREATE SEQUENCE zonas_id_zona_seq
    START WITH 1
    INCREMENT BY 1
    NO MINVALUE
    NO MAXVALUE
    CACHE 1;


ALTER TABLE public.zonas_id_zona_seq OWNER TO postgres;

--
-- TOC entry 2176 (class 0 OID 0)
-- Dependencies: 193
-- Name: zonas_id_zona_seq; Type: SEQUENCE OWNED BY; Schema: public; Owner: postgres
--

ALTER SEQUENCE zonas_id_zona_seq OWNED BY zonas.id_zona;


--
-- TOC entry 1965 (class 2604 OID 16621)
-- Name: id_avenida; Type: DEFAULT; Schema: public; Owner: postgres
--

ALTER TABLE ONLY avenida ALTER COLUMN id_avenida SET DEFAULT nextval('avenida_id_avenida_seq'::regclass);


--
-- TOC entry 1966 (class 2604 OID 16622)
-- Name: id_barrio; Type: DEFAULT; Schema: public; Owner: postgres
--

ALTER TABLE ONLY barrios ALTER COLUMN id_barrio SET DEFAULT nextval('barrios_id_barrio_seq'::regclass);


--
-- TOC entry 1967 (class 2604 OID 16623)
-- Name: id_cuadrante; Type: DEFAULT; Schema: public; Owner: postgres
--

ALTER TABLE ONLY cuadrante ALTER COLUMN id_cuadrante SET DEFAULT nextval('cuadrante_id_cuadrante_seq'::regclass);


--
-- TOC entry 1968 (class 2604 OID 16624)
-- Name: id_cuad_ave; Type: DEFAULT; Schema: public; Owner: postgres
--

ALTER TABLE ONLY cuadrante_avenida ALTER COLUMN id_cuad_ave SET DEFAULT nextval('cuadrante_avenida_id_cuad_ave_seq'::regclass);


--
-- TOC entry 1969 (class 2604 OID 16625)
-- Name: id_cuadra_barrio; Type: DEFAULT; Schema: public; Owner: postgres
--

ALTER TABLE ONLY cuadrante_barrio ALTER COLUMN id_cuadra_barrio SET DEFAULT nextval('cuadrante_barrio_id_cuadra_barrio_seq'::regclass);


--
-- TOC entry 1970 (class 2604 OID 16626)
-- Name: id_lugar; Type: DEFAULT; Schema: public; Owner: postgres
--

ALTER TABLE ONLY lugar ALTER COLUMN id_lugar SET DEFAULT nextval('lugar_id_lugar_seq'::regclass);


--
-- TOC entry 1971 (class 2604 OID 16627)
-- Name: id_lugar_cua; Type: DEFAULT; Schema: public; Owner: postgres
--

ALTER TABLE ONLY lugar_cuadrante ALTER COLUMN id_lugar_cua SET DEFAULT nextval('lugar_cuadrante_id_lugar_cua_seq'::regclass);


--
-- TOC entry 1972 (class 2604 OID 16628)
-- Name: idsubmenu; Type: DEFAULT; Schema: public; Owner: postgres
--

ALTER TABLE ONLY sub_menus ALTER COLUMN idsubmenu SET DEFAULT nextval('sub_menu_idsubmenu_seq'::regclass);


--
-- TOC entry 1973 (class 2604 OID 16629)
-- Name: id_sugerencias; Type: DEFAULT; Schema: public; Owner: postgres
--

ALTER TABLE ONLY sugerencias ALTER COLUMN id_sugerencias SET DEFAULT nextval('sugerencias_id_sugerencias_seq'::regclass);


--
-- TOC entry 1974 (class 2604 OID 16630)
-- Name: id_tipo_lugar; Type: DEFAULT; Schema: public; Owner: postgres
--

ALTER TABLE ONLY tipo_lugar ALTER COLUMN id_tipo_lugar SET DEFAULT nextval('tipo_lugar_id_tipo_lugar_seq'::regclass);


--
-- TOC entry 1975 (class 2604 OID 16631)
-- Name: idusuario; Type: DEFAULT; Schema: public; Owner: postgres
--

ALTER TABLE ONLY usuario ALTER COLUMN idusuario SET DEFAULT nextval('usuario_idusuario_seq'::regclass);


--
-- TOC entry 1976 (class 2604 OID 16632)
-- Name: id_zona; Type: DEFAULT; Schema: public; Owner: postgres
--

ALTER TABLE ONLY zonas ALTER COLUMN id_zona SET DEFAULT nextval('zonas_id_zona_seq'::regclass);


--
-- TOC entry 2133 (class 0 OID 16561)
-- Dependencies: 170
-- Data for Name: avenida; Type: TABLE DATA; Schema: public; Owner: postgres
--

COPY avenida (id_avenida, nombre_avenida) FROM stdin;
4	LOS CACTUS
5	SÁNCHEZ M
6	AVENIDA ISAAC ALBÉNIZ
7	E2
8	CASALS
9	DEBUSSY
10	CHOPIN
11	MOZART
12	N47A
13	E3
14	E3B
15	ROSSINI
16	PAREDES
17	CORELLI
18	CAPITÁN RAFAEL RAMOS
19	FRANCISCO GUARDERAS
20	A DONOSO
21	C ANDRADE MARIN
22	A RIBADENEIRA
23	DIÓGENES PAREDES
24	Oe5
25	Oe4R
26	PROCEL
27	Oe4
28	AVENIDA TEODORO MORAN VALVERDE
29	QUITUMBE ÑAN
30	RUMICHACA
31	AV. LA PRESA
32	Oe8E
33	S64C
34	Oe10
35	OE9
36	S64B
37	S64A
38	Oe10F
39	Oe10E
40	Oe10D
41	Oe10C
42	Oe10B
43	Oe10A
44	S58
45	OE10
46	Oe9H
47	Oe9G
48	S59
49	Oe9B
50	S58C
51	S57
52	Oe9E
53	Oe9C
54	Oe9A
55	S55G
56	S55E
57	S57D
58	S58B
59	OE7B
60	S59C
61	S59B
62	Oe7D
63	S59A
64	S58H
65	Oe8E
66	S58G
67	Oe8F
68	PAQUISHA
69	Oe8K
70	S58D
71	Oe8L
72	Oe8M
73	S58C
74	Oe7E
75	Oe7C
76	S57B
77	S56A
78	S56C
79	S57C
80	Oe8D
81	QUITO
82	S57A
83	Oe8l
84	SD6D
85	Oe8L
86	S56
87	S56D
88	S55Q
89	S55K
90	Oe8J
91	S56B
92	S55P
93	S55N
94	S54
95	S52l
96	S55A
97	De12
98	S54F
99	Oe1D
100	S55B
101	S55C
102	Oe11D
103	Oe11C
104	Oe11F
105	S54B
106	S54C
107	S54D
108	S54E
109	Oe11E
110	Oe12A
111	Oe12
112	S52B
113	Oe11B
114	S51C
115	S53
116	Oe9G
117	Oe9F
118	Oe9D
119	S54A
120	S53B
121	S53C
122	S50
123	S50A
124	S50B
125	S51
126	S51A
127	S51B
128	S49
129	S49A
130	S49B
131	S44
132	Oe10
133	S43
134	S43A
135	Oe10B
136	De10J
137	S42L
138	Oe11
139	P CASTILLO
140	S42L
141	S42K
142	I JIMENEZ
143	Oe10E
144	J DARQUEA
145	S42C
146	S41E
147	Oe10J
148	Oe10K
149	S42A
150	S42B
151	Oe11A
152	S42F
153	S42H
154	Oe13A
155	S48A
156	S48
157	S47B
158	S47A
159	Oe10H
160	S46D
161	S46C
162	Oe10G
163	S45C
164	S45B
165	Oe12B
166	S45
167	S44C
168	S44B
169	S43B
170	ROSA RIO BORJA
171	S41
172	S41B
173	S41D
174	S41F
175	S41C
176	S40F
177	Oe13B
178	Oe13D
179	S42
180	Oe14
181	Oe13I
182	Oe14A
183	Oe14B
184	Oe14C
185	Oe14D
186	O314E
187	S38
188	S38A
189	S38B
190	Oe13J
191	Oe13H
192	Oe13G
193	Oe13F
194	Oe13E
195	Oe12C
196	Oe12D
197	Oe12G
198	S34X
199	N CEVALLOS
200	S35C
201	S38D
202	S34W
203	Oe13
204	Oe34Y
205	EL TRANSITO
206	Oe13M
207	S34P
208	S34Q
209	S34R
210	S34M
211	S34L
212	S34T
213	S34V
214	S34U
215	S34S
216	S34J
217	S34H
218	S34I
219	Oe14E
220	Oe14G
221	Oe13C
222	Oe14H
223	S33A
224	AV ARTURO YANEZ
225	Oe7G
226	Oe7F
227	S64G
228	Oe8
229	S64
230	S64E
231	S64D
232	S64F
233	S63
234	S63A
235	S63B
236	S63C
237	S63D
238	S63E
239	S63F
240	Oe7K
241	Oe7J
242	Oe7L
243	Oe7M
244	Oe7H
245	Oe7A
246	Oe7
247	Oe7I
248	Oe8B
249	Oe8C
250	S60
251	S61
252	S60A
253	S60B
254	S62A
255	Oe6A
256	Oe7B
257	Oe6D
258	Oe8A
259	Oe5G
260	Oe5E
261	Oe5F
262	S55A
263	S55B
264	S55C
265	S55D
266	S55E
267	S55J
268	S55K
269	S55L
270	S55M
271	S55B
272	NUEVA AVENIDA OCCIDENTAL
273	LOS LAURELES
274	LOS CIPRESES
275	S52M
276	S52F
277	S52D
278	S52H
279	S52G
280	S52J
281	S52C
282	Oe6C
283	Oe6E
284	Oe5B
285	Oe5C
286	Oe5D
287	S52E
288	S52A
289	CAPT JOSE LARREA VILLAVICENCIO
290	MIRIAM BALDEON
291	GOLZALO ZAPATA
292	CRNL CARLOS MANCHENO
293	GRAL O ALFARO P
294	SGTO ADOLFO FLORES
295	GRAL JULIO ANDRADE
296	CAMILO OREJUELA
297	AVENIDA LA ECUATORIANA
298	Oe8I
299	S51E
300	S51F
301	S51D
302	S50A
303	S50C
304	S50D
305	S50E
306	S50F
307	S48F
308	S48B
309	M UQUILLAS
310	L RIOFRIO
311	J ENRIQUEZ
312	M PAREJA
313	C OREJUELA
314	I NOBOA
315	PALEMÓN MONROY
316	C CONCHA
317	A MON Y VELARDE
318	IGNACIO LECUMBERRY 
319	JOSE HERRERA
320	P UNDA
321	I SAENZ
322	ANTONIO SAA
323	MARTHA BUCARAM DE ROLDOS
324	LANCHAS
325	S46
326	S46A
327	S46E
328	S46G
329	S46H
330	S46I
331	S46B
332	S47
333	S47
334	S47B
335	S47D
336	J JATIVA
337	VASQUEZ
338	JATUN
339	M CEVALLOS
340	GREGORIO FLOR
341	JOSE RODRIGUEZ
342	FRANCISCO BECERRA
343	ACARIGUA
344	C LARREA
345	ROSARIO BORJA
346	ANTONIO DIAZ
347	INES JIMENEZ
348	JOSE PROAÑO
349	E UZCATEGUI
350	ERMEL FIALLO
351	EMILIA RIVADENEIRA
352	ALONSO PABLOS
353	COLAY
354	J ESCANDON
355	JUAN DEL CORRAL
356	Oe9J
357	Oe9K
358	JUANQUIN DARQUEA
359	PEDRO CASTILLO
360	VIA DEL OLEODUCTO
361	N BASTIDAS
362	J CAÑIZARES
363	LUIS DUQUE
364	M CHIRIBOGA
365	R ARIAS
366	JOSE GARCIA
367	Oe10I
368	S40
369	DIEGO BARRA
370	CARLOS FREIRE ZALDUMBIDE
371	JULIO ARIAS
372	L ARGANDOÑA
373	M HERNANDEZ
374	EL TRANSITO
375	AMBROSIO ACOSTA
376	CARLOS RODRIGUEZ
377	ANTONIO BAQUERO
378	JULIO JARA
379	W GRUNAVER
380	P ORDOÑEZ
381	V JIMENEZ
382	ESTEBAN ALONSO
383	KLEVER VILLALBA
384	SAN LUIS DE CHILLOGALLO
385	M CAÑIZARES
386	L RUALES
387	C FOLLECO
388	S33I
389	S33C
390	S33B
391	S32B
392	S32C
393	S32D
394	S32E
395	S32F
396	S32J
397	S32L
398	Oe11G
399	Oe11I
400	Oe11J
401	Oe11K
402	Oe11H
403	S31
404	S31A
405	S31H
406	S31G
407	S31F
408	S31E
409	S31D
410	S28B
411	S30
412	Oe12M
413	Oe12P
414	Oe12K
415	Oe12J
416	Oe12I
417	Oe12L
418	Oe12E
419	AV PRINCIPAL
420	S26A
421	S26B
422	S26I
423	S25
424	PEDRO SABIO
425	MOCOA
426	ENCOMENDEROS
427	CAYES
428	UMIÑA
429	Oe12F
430	S24
431	S23B
432	S18C
433	PATRICIO ROMERO BARBERIS
434	Oe2H
435	UNION Y PROGRESO
436	Oe2F
437	Oe2C
438	Oe6
439	S62
440	OeB
441	Oe4A
442	Oe4B
443	Oe4D
444	Oe4F
445	Oe4C
446	OE2E
447	S61C
448	S61G
449	S61E
450	S61D
451	S58F
452	S58A
453	Oe5A
454	S57E
455	S57G
456	S57H
457	Oe2G
458	Oe2D
459	Oe2A
460	Oe2B
461	LEOPOLDO N CHAVEZ
462	AVENIDA TENIENTE HUGO ORTIZ
463	Oe4I
464	Oe4H
465	Oe4G
466	Oe4J
467	Oe4E
468	Oe2
469	Oe1C
470	AVENIDA MARISCAL ANTONIO JOSE DE SUCRE
471	GRAL J CHIRIBOGA
472	CRNL P COCHA
473	CRNL E CONCHA
474	S48D
475	S48C
476	S49C
477	OeG
478	Oe3A
479	Oe3B
480	Oe3C
481	Oe3D
482	AMADEO IZQUIETA
483	S47F
484	Oe3K
485	S46F
486	M ICAZA
487	AVENIDA RUMICHACA
488	YANA
489	AVENIDA GUAYANAY ÑAN
490	CURACA
491	FRANCISCO ATAHUALPA
492	L LOPEZ
493	M LUNA
494	F DIAZ
495	S44A
496	Oe3H
497	Oe3J
498	Oe3I
499	CURACA
500	S43C
501	S43D
502	S41A
503	S37D
504	S37C
505	S37E
506	S40D
507	S39B
508	S39A
509	S40B
510	AV CONDOR ÑAÑ
511	PUMAPUNGO
512	AMARU ÑAN
513	S35F
514	S35A
515	S34A
516	ISIDRO BARRIGA
517	P VASCONEZ
518	RAFAEL GARCIA
519	PRUDENCIO VASCONEZ
520	RAMON CARRERA
521	CALIXTO
522	MANUELA CAÑIZARES
523	JOAQUIN RUALES
524	CARLOS FREILE ZALDUMBIDE
525	MATILDE ALVAREZ
526	FRANCISCO CHIRIBOGA
527	AGUSTIN AGUINAGA
528	PEDRO CARBO
529	M CHERREZ
530	A CONFORTE
531	M CORONADO
532	LAUREANO DE LA CRUZ
533	JUAQUIN RUALES
534	DIEGO CESPEDES
535	LUMBAQUI
536	HUERTA
537	N ARELLANO
538	A DURAN
539	E DONOSO
540	NOBOL
541	RIO MARAVIÑO
542	A CALDERON
543	RIO LAS LIMAS
544	MANUEL ABAD
545	ALTUNA
546	DE TALABERA
547	J PONTON
548	SAN GERARDO
1458	S7H
549	SAN PLACIDO
550	STA ELENA
551	JULIAN ESTRELLA
552	SIDCAY
553	B PAREDES
554	SAN FERNANDO
555	MIGUEL ARIAS
556	TAISHA
557	MONTE DE LOS OLIVOS
558	SHAGLLI
559	ANCONCITO
560	A ANDRADE
561	F BOLAÑOS
562	TACHINA
563	PALMA REAL
564	RIO CRISTAL
565	LOS CRIOLLOS
566	SUQUILLO
567	TOYLIA
568	INTI RAYMI
569	ANGAMARCA
570	JOAQUIN HERVAS
571	EL TRIUNFO
572	D PROAÑO
573	MATAMOROS
574	DOMINGUEZ
575	IGAMIABAS
576	DE CABRERA
577	L DE MUÑOZ
578	A DE ROBLES
579	P DE GANTE
580	JUAN DE VIZCAINO
581	J DE AGUILAR
582	VICENTE ANGOS
583	A MARQUEZ
584	G CONTRERAS
585	TOCA
586	ANGUTIA
587	BLAS DE MEDINA
588	C ENRIQUEZ
589	Oe9N
590	S15
591	PANAMERICANA SUR
592	E1
593	E2A
594	E3G
595	E3I
596	E3H
597	E4B
598	E5
599	E3F
600	AV PEDRO VICENTE MALDONADO
601	Oe1E
602	S60D
603	S60C
604	Oe1B
605	E1B
606	E1C
607	E2D
608	E2B
609	E2F
610	RIO BIMBE
611	RIO ALAMBI
612	RIO CASAGUALA
613	M COLLINS
614	RIO PROCEL
615	R SANTA CRUZ
616	RIO CHILLA
617	RIO PUCA
618	RIO SALOYA
619	RIO CONGO
620	ANTONIO PRIETO
621	YANAYACU
622	NICOLAS SINGLES
623	PEDRO QUIÑONEZ
624	MANUEL GUAMANI
625	E1H
626	E1G
627	E1G
628	E1A
629	E2M
630	E1D
631	Oe1K
632	S45A
633	S42D
634	S47E
635	AVENIDA LLIRA ÑAN
636	RUPAY
637	ÑUSTA
638	Oe1I
639	Oe1H
640	Oe1G
641	Oe1A
642	S38F
643	S38E
644	S38C
645	AV QUITUMBE ÑAN
646	TAMIA
647	AVENIDA LIRA ÑAN
648	QUIPU
649	AMAUTA
650	AVENIDA OTAYA ÑAN
651	Oe1S
652	Oe1P
653	Oe1Q
654	Oe1L
655	S33
656	S33D
657	TENDALES
658	RIO SUNO
659	MALVAS
660	A MIRANDA
661	BALSAS
662	DIONISIO MEJIA
663	GALERA
664	PIEDRAS
665	SANTA FE
666	APUELA
667	JOSE PONTON
668	D CESPEDES
669	MOROMORO
670	CHILLA
671	PENIPE
672	PINOS
673	CUBIJIES
674	MALIMPIA
675	CUSUPAMBA
676	AVENIDA MARQUESA DE SOLANDA
677	ALFREDO ESCUDERO
678	ISINLIVI
679	LA MANA
680	GUANANDO
681	ALOAG
682	AMBOQUI
683	CHUMUNDE
684	EL CISNE
685	UTUANA
686	BOCANA
687	PILALO
688	POSORJA
689	SOZORANGA
690	CHANTILLIN
691	GIMA
692	PLAYAS
693	SIGCHOS
694	GIMA
695	HUIGRA
696	D OLIVA
697	J BARREIRO
698	J ENDARA
699	M ALVARADO
700	RANCHO CHICO
701	RIO MAYO
702	LA SOLEDAD
703	EL PASO
704	ECUADOR
705	EL PLAYON
706	RIO NUEVO
707	CHUGCHILAN
708	LA PROVIDENCIA
709	LAS ROSAS
710	J DE MOSQUERA
711	C DE PALACIOS
712	D MORENO
713	CARAPUNGO
714	TOACAZO
715	OTAVALO
716	MULALILLO
717	ALONSO DE BASTIDAS
718	A ORTIZ
719	R DE CEVALLOS
720	ALTO MIRADOR
721	JUAN CAMACARO
722	COLONCHE
723	EL NARDO
724	L LUNA
725	CHILIBULO
726	CANAL DE LLOA
727	F ALARCON
728	TOLA
729	L SIERRA
730	PELILEO
1459	S6D
731	VIRGENPATA
732	ALCANTARILLAS
733	M JARAMILLO
734	S10Q
735	S10N
736	S10M
737	E7A
738	S62C
739	S62D
740	E6
741	E6A
742	E6B
743	E6C
744	E6D
745	E7B
746	E7
747	E7C
748	E4
749	S59H
750	E3J
751	E4A
752	E4C
753	E5A
754	E5B
755	E5C
756	E5D
757	E5E
758	E5F
759	E4I
760	E4J
761	AVENIDA LINEA FERRERA
762	E3K
763	E4G
764	S52
765	AVENIDA EL BEATERIO
766	E2F
767	E2A
768	E2D
769	E2E
770	E3A
771	SUSANA LETOR
772	S40A
773	S40B
774	S37
775	S37A
776	S37B
777	E1F
778	S36
779	S36A
780	S36B
781	S36C
782	S35E
783	S35D
784	S35C
785	A DE VILLANUEVA
786	EL GRIEGO
787	J DURINI
788	DE TAPIA
789	RIO DE CADE
790	B RUBIO
791	A GUERRERO
792	REINALDO FLORES
793	JOSE RIVADENEIRA
794	JUAN DE LARA
795	AV LIBERTADOR SIMON DE BOLIVAR
796	BORBON
797	RIO ZABALETA
798	RIO CAUSMAL
799	RIO PISQUE
800	RIO SANTIAGUILLO
801	RIO CAMUMBI
802	CUSUBAMBA
803	QUIMIAG
804	LLACAO
805	MANGLARALTO
806	AYAPAMBA
807	EL PROGRESO
808	F SOTO
809	F AGUILAR
810	J NUÑEZ
811	J BARRETO
812	J LALAMA
813	JUAN ANTE
814	J ARGUDO
815	M MONTEROS
816	AV CARDENAL DE LA TORRE
817	JOSE ALEMAN
818	B AGUILAR
819	J ALZATE
820	J BELDA
821	B SOLOM
822	BENANCIO ESTANDOQUE
823	SIMON GUERRA
824	M MAYA
825	GASPAR ESPERANZA
826	J YEROVI
827	AVENIDA AJAVI
828	M SPINOLA
829	E RIERA
830	YANTZAZA
831	CHICAÑA
832	LOS ENCUENTROS
833	SERAPIO JAPERABI
834	EL PANGUI
835	PAQUISHA
836	J CAMACARO
837	A DE CARRANZA
838	MIGUEL A PONTON
839	F DE PIÑA
840	AV ALONSO DE ANGULO
841	PUNTA ARENAS
842	BOLICHE
843	TEMUCO
844	COPIGUE
845	VIÑA DEL MAR
846	ARICA
847	MARCOPAMABA
848	SECOYA
849	LINO CURIMA
850	JOSE ANTONIO JERVES
851	J NAVARRO Y MONTESIN
852	C FUENTES
853	JUAN DE HERRADA
854	L CORAL
855	P ALVEAR
856	HUACA
857	BENITO LINARES
858	HUAQUILLAS
859	RAZURAZU
860	ARENILLAS
861	J EGUSQUIZA
862	M BIGO
863	GUACHAPALA
864	AZAÑERO
865	TARMA
866	YACUPUGRU
867	CHAVEZ PUGRU
868	PARAISO DEL UNGUI
869	LA CRUZ
870	TULULBI
871	J DORADO
872	E9
873	E9A
874	E9B
875	E9C
876	E9D
877	E9E
878	E10B
879	E10
880	E10D
881	N61
882	S61A
883	S61B
884	S59F
885	S59I
886	S57F
887	E8
888	E8B
889	E8C
890	E8I
891	E9G
892	S53A
893	E7J
894	E7K
895	S50G
896	E8H
897	E7L
898	E7M
899	S48H
900	S49D
901	S49E
902	S48E
903	S48G
904	310A
905	E10C
906	E10E
907	E5H
908	S35G
909	S34D
910	S34B
911	S34C
912	JOSE MALDONADO
913	PRINCIPAL
914	E41
915	PETROECUADOR
916	S33F
917	S33G
918	S33E
919	S28C
920	S28D
921	S28H
922	S28J
923	S28K
924	S28M
925	S29
926	SIGSIPAMBA
927	RIO PRIETO
928	HUAMBALO
929	MACUCHI
930	MENDEZ
931	LOS OLIVOS
932	MANUEL JORDAN
933	LA MERCED
934	BILOVAN
935	GUALEA
936	S28
937	S28A
938	S28F
939	S26
940	S26C
941	S26E
942	E7H
943	S27K
944	S26D
945	TAURA
946	PICOAZA
947	CHITAN
948	AVILA
949	PUEBLO VIEJO
950	JUJAN
951	ABAÑIN
952	EL TABLON
953	GUAMOTE
954	ARIAS
955	CAZARES
956	VALENCIA
957	A VITERI
958	TAMBILLO
959	AVILA
960	BALZAR
961	LOPEZ ORTIZ
962	ALAUSI
963	D MEJIA
964	MOREJON
965	CUSUMAZA
966	J DE LOAISA
967	REICHEL
968	TOMAS GUERRA
969	SUCUA
970	PUNIN
971	FICOA
972	TOCACHI
973	BUENAVISTA
974	PUSIR
975	A RODRIGUEZ
976	PINLLOPATA
977	R FERRER
978	CASARRUBIA
979	CUJIAS
980	PALACIOS
981	F FUENTES
982	MENDOZA ROSERO
983	KIRUBA
984	ANDOAS
985	FRANCISCO PEREZ
986	A VELASCO
987	DE LA PEÑA
988	LINO FLOR
989	SAN LUIS
990	ROSA YEIRA
991	PIO DURE
992	MICHELENA
993	AV ANTONIO JARAMILLO
994	G CABEZAS
995	A DE GAMA
996	L GASPAR
997	AUSHYRIS
998	PACCHA
999	G MOLINA
1000	V CADENA
1001	R MORAN
1002	BLAS CAMPOS
1003	INTI
1004	AVENIDA JIPIJAPA
1005	AV RODRIGO DE CHAVEZ
1006	B DE LOAISA
1007	H DE PRADO
1008	VIRACOCHA
1009	CAÑARIS
1010	CAJAMARCA
1011	TNTE GARCIA
1012	GATAZO
1013	LICTO
1014	JAMBELI
1015	PESILLO
1016	PRINCESA TOA
1017	LA UNION
1018	AV JACINTO COLLAHUAZO
1019	CAYAPAS
1020	JUAN DORADO
1021	COTACACHI
1022	RIO MINDO
1023	RIO PILATON
1024	DE LETAMENDI
1025	CORELLA
1026	JARAMIJO
1027	CESTARIS
1028	BATALLON MAGDALENA
1029	HUSARES
1030	RIO NAMBILLO
1031	AV DE LOS LIBERTADORES
1032	RIO CINTO
1033	RIO PITSARA
1034	CONCHA
1035	LA CONCEPCION
1036	POALLO
1037	TOPATAUCHI
1038	10 DE OCTUBRE
1039	F GUAMAN
1040	VIA A CRUZ LOMA
1041	10 DE OCTUBRE
1042	16 DE JUNIO 
1043	22 DE ENERO
1044	3 DE MARZO
1045	EL PLACER
1046	T ALTANDAGUA
1047	FERNANDEZ Y VELASCO 
1048	EL PINAR
1049	N6C
1050	N7
1051	N13B
1052	N13D
1053	J CAMACHO
1054	Oe18D
1055	E12
1056	E11
1057	E11B
1058	E11D
1059	E11A
1060	E11C
1061	E11E
1062	E12B
1063	E10L
1064	E10F
1065	E10I
1066	E10J
1067	E10K
1068	E10G
1069	E10H
1070	E10M
1071	E10P
1072	E8F
1073	E8D
1074	E8E
1075	E8G
1076	S35
1077	S32
1078	S34
1079	S30
1080	S30A
1081	S30I
1082	S30H
1083	S30F
1084	S30E
1085	EL ANGEL
1086	MATUS
1087	MARCABELI
1088	CUYABENO
1089	MATUS
1090	CHAUCHA
1091	ARAPICOS
1092	MOLLETURO
1093	DURENO
1094	PACTO
1095	CARACOL
1096	CHARAPOTO
1097	TADAY
1098	EL CHACO
1099	TAYA
1100	BALZAR
1101	LOS PRADOS
1460	S8A
1102	MANU
1103	CHONE
1104	ZUMBAGUA
1105	JAMA
1106	CATARAMA
1107	DR JOSE PERALTA
1108	G SUNTAXI
1109	FIDEL ANDRADE
1110	LUISA
1111	MANAVARRO
1112	CARLOS ALVAREZ
1113	J OROZCO
1114	A HURTADO
1115	A SOBERON
1116	TANICUCHI
1117	F ARCIA
1118	HERMANDAD FERROVIARA
1119	AMALUZA
1120	MORASPUNGO
1121	TEODORO GOMEZ DE LA TORRE
1122	PUJILI
1123	A COBO
1124	D TREVIÑO
1125	F SANCHEZ
1126	M PEREDA
1127	SHUNK
1128	NOROÑA
1129	BASTIDAS
1130	A JARRIN
1131	JUAN CUEVA
1132	HUACHO
1133	ARCHER HARMAN
1134	R ARTETA GARCIA
1135	ROBINSON
1136	CESAR CHIRIBOGA
1137	G LOZANO
1138	P DE ALFARO
1139	F RUIZ
1140	F GOMEZ
1141	AV NAPO
1142	AV EL CORAZON
1143	J DE PADILLA
1144	F LONDOÑO
1145	CONONACO
1146	CHAMBO
1147	CUMBE
1148	H GAMARRA
1149	D DE TORRES
1150	AV JAIME DEL CASTILLO
1151	AV 5 DE JUNIO
1152	GALTE
1153	CHASQUI
1154	RICARDO JARAMILLO
1155	SINCHOLAGUA
1156	TABABELA
1157	M REYES
1158	FRANCISCO BARBA
1159	TOMAS TAPIA
1160	GRAL NECOCHEA
1161	R POSSO
1162	ALBION
1163	PATAGONIA
1164	CARAS
1165	PATATE
1166	RIO VERDE
1167	PINDO
1168	AGOYAN
1169	MORRO
1170	CHONGON
1171	NUMACURO
1172	CESTARIS
1173	VINCES
1174	POMASQUI
1175	AVENIDA 24 DE MAYO
1176	MANCO CAPAC
1177	PALTAS
1178	LA LIBERTAD
1179	QUIJOS
1180	LAS CANTERAS
1181	LOJA
1182	TENA
1183	CHIMBORAZO
1184	SIMON BOLIVAR
1185	CUENCA
1186	AMBATO
1187	IMBABURA
1188	GABRIEL GARCIA MORENO
1189	CANTUÑA
1190	JUAN DE VILLA
1191	JUAN DE QUIROZ
1192	JUAN DE OBANDO
1193	SALVARDOR ALLENDE
1194	BONIPACUMBA
1195	EL PLACER
1196	CHILE
1197	JOEL MONROY
1198	MANRIQUEZ
1199	JOSE MEJIA
1200	BUAR
1201	I CABAL
1202	JOSE BRACAMONTE
1203	JOSE GONZALEZ
1204	A DE VILLAVICENCIO
1205	PABLO GUTIERREZ
1206	A CORTEZ
1207	MATILDE HUERTA
1208	CAPILLAVEO
1209	N26A
1210	N26B
1211	N26E
1212	N26F
1213	E13E
1214	E13G
1215	E13H
1216	E13C
1217	S21
1218	S19
1219	S19A
1220	S19B
1221	S19C
1222	S19D
1223	S18
1224	S18D
1225	E13A
1226	E12A
1227	E12C
1228	E12D
1229	S18B
1230	TUMBABIRO
1231	CATACOCHA
1232	TAYUSA
1233	VILCABAMBA
1234	LA SOFIA
1235	CAMINO DE LOS INCAS
1236	S17
1237	S17C
1238	S16E
1239	S14F
1240	B BENNET
1241	SIXTO MOLINA
1242	R VALDIVIESO
1243	HELEODORO AYALA
1244	EDUARDO MORLEY
1245	GEORGE HENRY DAVIS
1246	IMANTAG
1247	S12
1248	S12E
1249	S12A
1250	NARIZ DEL DIABLO
1251	PUNA
1252	LUIS F RODRIGUEZ
1253	JHON HARMAN
1254	ACCION CIVICA
1255	20 DE ENERO
1256	PACAMOROS
1257	R THOMPSON
1258	NARANJITO
1259	RUIZ
1260	GALO ALMEIDA
1261	DIEGO OSORIO
1262	VARAS
1263	AVENIDA ALPAHUASI
1264	M DE LA CALLE
1265	TIOCAJAS
1266	PEDRO COBO
1267	H SANCHEZ MORILLO
1268	JOSE M RICO
1269	SIGSIG
1270	LOS ANDES
1271	ANTISANA
1272	ABEL MELENDEZ
1273	GRANADA
1274	TURI
1275	JADAN
1276	CALPI
1277	UPANO
1278	ZAPOTILLO
1279	GUABO
1280	EL SENA
1281	AV CUMANDA
1282	LA RECOLETA
1283	A BORRERO
1284	MAZO
1285	LICEO
1286	FERNADEZ MADRID
1287	FRANCIA
1288	A SALAS
1289	SANTA CRUZ
1290	GUAYAQUIL
1291	SEBASTIAN DE BENALCAZAR
1292	EUGENIO ESPEJO
1293	JUNIN
1294	JUAN PIO MONTUFAR
1295	DE LOS MILAGROS
1296	PAREDES
1297	SALVADOR
1298	INCLANA
1299	MANABI
1300	MORGA
1301	SAN MATEO
1302	INDEPENDENCIA
1303	HAITI
1304	BONBONA
1305	NUEVA YORK
1306	PANAMA
1307	BUENOS AIRES
1308	GALAPAGOS
1309	ORIENTE
1310	AGUILAR
1311	TEGUCIGALPA
1312	DE RIQUELME
1313	AV EUSTORGIO SALGADO
1314	EL ORO
1315	ENRIQUE RETTER
1316	BOLIVIA
1317	SANTA ROSA
1318	DE MAGALLANES
1319	ASUNCION
1320	JUAN MANUEL AVILA
1321	LA GASCA
1322	SAN ANDRES
1323	BENJAMIN CHAVEZ
1324	CHOBO
1325	JAVIER LIZARAZU
1326	ATACAMES
1327	DOMINGO ESPINAR
1328	FERNANDEZ DE RECALDE
1329	GATTO SOBRAL
1330	FULGENCIO ARAUJO
1331	SANGURIMA
1332	SELVA ALEGRE
1333	M POLIT LASSO
1334	B DE LAS CASAS
1335	PRIMAVERA
1336	PADRE DAMIAN
1337	SAN FELIPE
1338	PIERRE COUBRIN
1339	A GALLEGOS
1340	N32A
1341	N32B
1342	N32E
1343	N33
1344	N33A
1345	N33B
1346	N33C
1347	N33D
1348	N33F
1349	N33H
1350	N44B
1351	N46D
1352	CIPRIANO DELGADO
1353	ANTONIO ACOSTA
1354	DONOSO
1355	N50
1356	N52D
1357	N52B
1358	ANGELINO CRUZ
1359	CESAR VILLACRES
1360	JORGE PIEDRA
1361	EUSEBIO CONDE
1362	MELCHOR DE VALDEZ
1363	N54
1364	N54A
1365	N54D
1366	N54C
1367	N54E
1368	N55
1369	N55D
1370	N55E
1371	MINACHO
1372	CENEPA
1373	ABDON CALDERON
1374	JAMBELI
1375	N56C
1376	N56D
1377	N57C
1378	N57B
1379	N58E
1380	N58G
1381	N58I
1382	N58F
1383	N58D
1384	N58
1385	BERNARDO DE LEGARDA
1386	26 DE AGOSTO
1387	SAN VICENTE
1388	CUEVA DE LOS TAYOS
1389	TIWINZA
1390	BELEN HISTORICO
1391	RIO TULIPE
1392	MACHALA
1393	DR ROMERO
1394	BEJUCAL
1395	GALERAS
1396	RIO CACHABI
1397	N70E
1398	N70F
1399	N70H
1400	N70I
1401	N70J
1402	N72A
1403	N72B
1404	N71E
1405	N71F
1406	RICARDO DESCALZI DEL CASTILLO
1407	N73
1408	N73C
1409	N74A
1410	N74B
1411	N74D
1412	N74C
1413	N73H
1414	Oe6P
1415	PERIMETRAL
1416	L CONDOR
1417	C CONCHA
1418	J MONTALVO
1419	A SANDINO
1420	N76C
1421	N77
1422	N78F
1423	N79
1424	N80
1425	N80C
1426	N79C
1427	N79A
1428	N80B
1429	SOTO
1430	AVENIDA 11 DE NOVIEMBRE
1431	AV 1 DE MAYO
1432	AVENIDA RUMIÑAHUI
1433	E TERAN
1434	D ANDRADE
1435	D AGUILERA MALTA
1436	J PERALTA
1437	N82C
1438	N82B
1439	N85C
1440	MALCHINGUI
1441	IMANTAG
1442	HUAMBOYA
1443	NULTI
1444	C RIOFRIO
1445	CHICAN
1446	SANTA CECILIA
1447	JIBARRA
1448	OMAGUAS
1449	MUISNE
1450	JUAN BAUTISTA AGUIRRE
1451	GREGORIO FLOR
1452	F OLMOS
1453	YANGANA
1454	JUAN VIZUETE
1455	S8C
1456	S8D
1457	S7F
1461	S8
1462	E9C
1463	E9B
1464	E9
1465	VIA A LOS CHILLOS
1466	R CAJIAO
1467	LUIS A BRIZON
1468	PEDRO PINTO GUZMAN
1469	GENERALIFE
1470	BULAN
1471	R PACHECO
1472	ALBAYZIN
1473	A CALISTO
1474	J ARRIETA
1475	AV PICHINCHA
1476	AV VELASCO IBARRA
1477	AV GENERAL RUMIÑAHUI
1478	MACARA
1479	DE PALOMINO
1480	DOLORES SUCRE
1481	SILVA
1482	RAFAEL TROYA
1483	A CAAMAÑO
1484	LUDO
1485	OÑA
1486	F LAVAYEN
1487	ANTOFAGASTA
1488	JOSE MARIA AGUIRRE
1489	MANUEL LOPERA
1490	RAMON EGAS
1491	IQUIQUE
1492	ANTONIO DE ELIZALDE
1493	F DE CALDAS
1494	ORIENTE
1495	AV 10 DE AGOSTO
1496	AV GRAN COLOMBIA
1497	LUIS VARGAS TORRES
1498	AV AMERICA
1499	AV TARQUI
1500	A FARGET
1501	FELICIANO CHECA
1502	C IBARRA
1503	M LARREA
1504	JAVIER ZAMBRANO
1505	BOGOTA
1506	AV UNIVERSITARIA
1507	18 DE SEPTIEMBRE
1508	AV ALFREDO PEREZ GUERRERO
1509	ALASKA
1510	CARACAS
1511	SANTIAGO
1512	LUNA A
1513	VERSALLES
1514	J MURRILLO
1515	A DE ULLOA
1516	PABLO PALACIO
1517	F VITERI
1518	DE MERCADILLO
1519	M DE ARRIOLA
1520	DE NARVAEZ
1521	JOSE VALENTIN
1522	CUBA
1523	PUERTO RICO
1524	L DE ALDANA
1525	SOBRINO Y MINAYO
1526	AV MARIANA DE JESUS
1527	ARELLANO
1528	NIETO POLO DE AGUILA
1529	NICOLAS ARTETA
1530	SAN GABRIEL
1531	NUÑO DE VALDERAMA
1532	ARIAS DE UGARTE
1533	DIEGO MARTIN
1534	AYBAR
1535	LA ISLA
1536	PASEO DE LA UNIVERSIDAD
1537	JUAN DIAZ
1538	MAÑOSCA
1539	A SANCHEZ
1540	F CRUZ MIRANDA
1541	MARIANO EGAS
1542	HERNAN VASQUEZ
1543	JORGE GONZALEZ
1544	A PESANTES
1545	N38
1546	N39B
1547	N39
1548	N43
1549	AV DEL PARQUE
1550	RAYGADA
1551	SAN FRANCISCO DE LA PITA
1552	LA INDUSTRIAL
1553	BELLA AURORA
1554	EL MADRIGAL
1555	LOS EUCALIPTOS
1556	LA ROMERIA
1557	LEONOR STACEY
1558	TERESA FLOR
1559	ANTONIO ROMAN
1560	VICENTE HEREDIA
1561	JUAN ARAUZ
1562	AUGUSTO LEON
1563	EUSEBIO CONDE
1564	DE ECHANIQUE
1565	IGNACIO ASIN
1566	J CALDERON
1567	JOSE PEÑAHERRERA
1568	CESAR VILLACRES
1569	AMALIA EGUIGUREN
1570	JOSE HERBOSO
1571	AUCAS
1572	OTERO
1573	YUMBOS
1574	SAAMANO
1575	JORGE PIEDRA
1576	S AGUIRRE
1577	ORDOÑEZ
1578	MARCOS DE VARELA
1579	MARTIN OCHOA DE JAUREGUI
1580	A DE ZARATE
1581	J BENZONI
1582	A DE OJEDA
1583	M SEMBLANTES
1584	HUACHI
1585	COELLO
1586	MACHALA
1587	A IZURIETA
1588	EL PORVENIR
1589	FLAVIO ALFARO
1590	PEDRO GARCIA MORENO
1591	HERNANDO DE SOTO
1592	JACINTO DE EVIA
1593	E FLOR
1594	RUILOVA
1595	MALEARTE
1596	R ANGORA
1597	G PINTO
1598	P CIEZA DE LEON
1599	DELGADO
1600	CUTUCU
1601	PURUHANTA
1602	SARAURCO
1603	AMALUZA
1604	GUIZADO
1605	JOSE CARRION
1606	ALFONSO DEL HIERRO
1607	J M ARTETA Y CALISTO
1608	NICOLAS ALBAN
1609	E MORENO
1610	REVENTADOR
1611	R SOLANGA
1612	YANACONA
1613	CATON CARDENAS
1614	CAPIZU
1615	INGAS
1616	AV RICARDO DESCAIZI DEL CASTILLO
1617	GONZALO CORDERO
1618	RIO PERIPA
1619	N73A
1620	N74
1621	N80F
1622	N80B
1623	N80A
1624	N80
1625	N80G
1626	N80H
1627	N78
1628	N79
1629	N79B
1630	SAN FRANCISCO DE RUMIURCO
1631	N82
1632	N85
1633	N85D
1634	N85E
1635	N86A
1636	N86B
1637	N84B
1638	N87A
1639	N87B
1640	N89
1641	N90
1642	J B AGUIRRE
1643	PAQUISHA
1644	L PROAÑO
1645	ARBOLEDA
1646	15 DE NOVIEMBRE
1647	J TAMAYO
1648	LA UNIDAD
1649	ACCION POPULAR
1650	SAN FRANCISCO DE QUITO
1651	MAGDALENA ARAUJO
1652	C FERNANDEZ
1653	28 DE ENERO
1654	P SALAZAR
1655	S5H
1656	S6A
1657	S7
1658	PRUDENCIO SALAZAR
1659	SANCHEZ
1660	JAVIER LOYOLA
1661	S3M
1662	S3L
1663	S4K
1664	S4B
1665	S4P
1666	S4Q
1667	E19
1668	E19A
1669	E15B
1670	COVI
1671	EL CAMBIO
1672	PERDOMO
1673	JORGE CAMBI
1674	FERNANDO DE LUQUE
1675	F MATIS
1676	J XIRONSA
1677	RAMON VARGAS
1678	CHAMBI
1679	S3H
1680	ITCHIMBIA
1681	F COUSIN
1682	SENIERGUES
1683	LA CONDAMINE
1684	ALEJO SANSEZ
1685	G ESCUDERO
1686	LARENAS
1687	TUNGAS
1688	R DE MURIEL
1689	FRAY V SOLANO
1690	AV 6 DE DICIEMBRE
1691	VACAS G
1692	AVENIDA PATRIA
1693	AVENIDA 12 DE OCTUBRE
1694	D LADRON DE GUEVARA
1695	QUESERAS DEL MEDIO
1696	BILBAO
1697	N POMPILIO LLONA
1698	IQUIQUE
1699	AIME BOMPLAND
1700	RIO AMAZONAS
1701	PRESIDENTE WILSON
1702	LEONIDAS PLAZA
1703	JOSE CALAMA
1704	MARISCAL FOCH
1705	LIZARDO GARCIA
1706	9 DE OCTUBRE
1707	REINA VICTORIA
1708	JUAN LEON MERA
1709	AVENIDA CRISTOBAL COLON
1710	AV FRANCISCO DE ORELLANA
1711	AVENIDA GENERAL ELOY ALFARO
1712	VIRREYES
1713	F PIZARRO
1714	A JERVES
1715	JUAN AGAMA
1716	INGLATERRA
1717	GRAL MURGUEON
1718	ITALIA
1719	ALEMANIA
1720	AVENIDA ATAHULPA
1721	LA ISLA
1722	YAUPI
1723	SAN GABRIEL
1724	JORGE JUAN
1725	LALLEMENT
1726	MANUELA SAENZ
1727	TERESA DE CEPEDA
1728	BAYAS
1729	MORO
1730	AVENIDA DE LA REPUBLICA
1731	AVENIDA NACIONES UNIDAS
1732	D BRAS
1733	LORIEGA
1734	OBREGOSO
1735	CEDENA
1736	BARON DE CARONDELET
1737	EL CRISOL
1738	MAÑOSCA
1739	EGAS
1740	AVENIDA BRASIL
1741	LOS COMICIOS
1742	J COLNET
1743	BECK ROLLO
1744	F DE NATES
1745	PEDRO GOSSEAL
1746	J DIGUJA
1747	AGUSTIN AZCUNAGA
1748	DARWIN
1749	PEDRO ROBEÑA
1750	AV CRNL EDMUNDO CARVAJAL
1751	RAMIRO BARBA
1752	J M MUÑECAS
1753	A OTERO
1754	G COFRO
1755	FCO CHIRA
1756	AV JOSE PAREDES
1757	SAUNA
1758	C RENELLA
1759	AVENIDA ZAMORA
1760	JULIAN SURRIES
1761	VICENTE PAJUELO
1762	YUMBOS
1763	JAMA
1764	TNTE HOMERO SALAS 
1765	ALTAR
1766	RIO BLANCO
1767	RIO CURACAY
1768	R JALIL
1769	LA ESPERANZA
1770	AVENIDA DE LA PRENSA
1771	MOTILONES
1772	IMBAYAS
1773	JIBAROS
1774	SHUARAS
1775	P ALARCON
1776	R CUERVO
1777	LA PULIDA
1778	RIO VUANO
1779	E ITURRALDE
1780	LA PAZ
1781	AV J FERNANDEZ SALVADOR
1782	CRISTOBAL VACA
1783	R MOYA
1784	P DE VALVERDE
1785	VICENTE MOSQUERA
1786	MOLINA
1787	JIPAREJA
1788	POLIT Y LAUREL
1789	D DE ARCOS
1790	MANTA
1791	J INFANTES
1792	RUMURCO
1793	ROBERTO CRUZ
1794	FLAVIO ALFARO
1795	JUAN DE AMPUDIA
1796	NAZARETH
1797	NARANJAL
1798	BASTIDAS
1799	GUALAQUIZA
1800	AVENIDA DIEGO VASQUEZ DE CEPEDA
1801	CUICOCHA
1802	JOSE NOGALES
1803	AVENIDA JOHN F KENNEDY
1804	JULIAN QUITO
1805	G ZUAZO
1806	EL MANANTIAL
1807	DE LOS MOLLES
1808	25 DE MAYO
1809	A DURARERO
1810	DEL NIÑO JESUS
1811	LA SAGALITA
1812	SIRENA
1813	PIEDRAS NEGRAS
1814	DA VINCI
1815	VAN GOGH
1816	P PICASSO
1817	FERNANDO DAQUILEMA
1818	SAN J DEL CONDADO
1819	REMBRANDT
1820	MONTALVO
1821	SAN AGUSTIN 
1822	ESPEJO
1823	ALFARO
1824	GARCIA MORENO
1825	P SOSA
1826	ACUÑA
1827	ROCAFUERTE
1828	SUCRE
1829	FLORES
1830	ALFARO
1831	POLIT LASSO
1832	BELISARIO LOVATO
1833	ASCAZUBI
1834	ORIENTE
1835	AVENIDA CIUDAD DEL NIÑO
1836	AVENIDA LOLA QUINTANA
1837	29 DE MAYO
1838	RIO AMBI
1839	EL CEDRO
1840	TOMAS DE LA CRUZ
1841	S2J
1842	E24
1843	E23
1844	S2G
1845	S2F
1846	S1M
1847	S1G
1848	S1D
1849	S1E
1850	S25A
1851	N14
1852	N15B
1853	E21B
1854	N15A
1855	LA TOLITA
1856	G SALGADO
1857	A NINAHUALPA
1858	FRAY J DE TORO
1859	STUBEL
1860	AV GONZALES SUAREZ
1861	GONESSIAT
1862	CAMINO DE ORELLANA
1863	G REISS
1864	BOUSSINGAULT
1865	J BEJARANO
1866	AYARZA
1867	AUSTRIA
1868	NORUEGA
1869	AV PORTUGAL
1870	IGNACIO BOSSANO
1871	LA CUMBRE
1872	EL QUITEÑO LIBRE
1873	FEDERICO PAEZ
1874	ARIZAGA LUQUE
1875	GUERRERO MARTINEZ
1876	A EGAS
1877	A GILBERT
1878	DIEGO BRIEDA
1879	C CAZAREZ
1880	TURQUIA
1881	LA RAZON
1882	EL TELEGRAFO
1883	EL HERALDO
1884	JOSE PUERTA
1885	PORTETE
1886	MANUEL CAMACHO
1887	T BERBUR
1888	CARLOS ARROY DEL RIO
1889	H MONCAYO
1890	AVENIDA DE LOS SHYRIS
1891	AV DE LOS GRANADOS
1892	AV RIO COCA
1893	AVENIDA PARIS
1894	P CLAUDEL
1895	SENA
1896	HIEDRA
1897	ISLA MARCHENA
1898	AV ISLA PINZON
1899	AV TOMAS DE BERLANGA
1900	AV EL INCA
1901	ISLA SEYMOUR
1902	PAYAMINO
1903	DE LAS BREVAS
1904	DE LAS TORONJAS
1905	HABEA
1906	AVENIDA DE LAS PALMERAS
1907	CHALUPAS
1908	PIO VALDIVIESO
1909	DE LOS VIÑEDOS 
1910	EL MORLAN
1911	ANDINO
1912	LUIS CALISTO
1913	CAÑOLA
1914	DE LOS CAPULIES
1915	A RIBADENEIRA
1916	JOAQUIN SUMAITA
1917	TIXAN
1918	DE LAS FRUTILLAS
1919	VALERINO
1920	ALMERIA
1921	OFIR CARVAJAL
1922	VIRGIL MATIAS
1923	RONDON
1924	SAN CARLOS
1925	PARANA
1926	SAO PAULO
1927	CRUZEIRO
1928	JUAN ALZURO
1929	B RIVEROS
1930	NICOLAS URQUIOLA
1931	JULIAN ARBAIZA 
1932	GABRIEL ARAUJO
1933	NUEVA VENTURA
1934	LA CASTELLANA
1935	DE LOS JASMINES
1936	DE LOS CEREZOS
1937	JOSE MARIA AYORA
1938	C BUSTAMANTE
1939	M ZAMBRANO
1940	DE LAS ACACIAS
1941	DE LOS CEDROS
1942	DANIEL COMBONI
1943	DE LOS NAPOLES
1944	JUNCAL
1945	DE LOS CIPRESES
1946	N64C
1947	N64B
1948	SUASTE
1949	SABANILLA
1950	DE LAS AVELLANAS
1951	DE LOS ACETUNOS
1952	DE LOS ARUPOS
1953	N69
1954	N70
1955	AV GALO PLAZA LASSO
1956	MARIANO CARDENAL
1957	VICENTE DUQUE
1958	A FLOR
1959	F DE VERA
1960	JUAN VASQUEZ
1961	JOSE DE LA REA
1962	M POZO
1963	BARTOLOME SANCHEZ
1964	N72
1965	TADEO BENITEZ
1966	N76A
1967	N76B
1968	N77D
1969	N77C
1970	AVENIDA JUAN DE SELIS
1971	ANTONIO CASTILLO
1972	MANUEL NAJAS
1973	JONATAS SAENZ
1974	JUAN VALLAURI
1975	LEONARDO FREILE
1976	DE ATIENZA
1977	GARCINOBEL
1978	PONCE BORJA
1979	OCTAVIO CORDERO
1980	MODESTO CHAVEZ
1981	F TERAN
1982	HERNANDO PAREDES
1983	DAZA
1984	LOVATO
1985	N90D
1986	Oe3F
1987	N91
1988	N88
1989	N89B
1990	N89A
1991	N88A
1992	N89
1993	N87D
1994	N87C
1995	LOS LUCEROS
1996	CAMINO A LA LUNA
1997	PASEO DEL SOL
1998	ALBORADA
1999	EL ROSAL
2000	EL JARDIN
2001	N93
2002	N93A
2003	N93B
2004	N93C
2005	N93D
2006	AV ABDON CALDERON
2007	PONCE ENRIQUEZ
2008	E20E
2009	E20F
2010	E20G
2011	E20H
2012	E20I
2013	E20J
2014	E20K
2015	GUIDO URBINA
2016	O SUAREZ
2017	S7C
2018	S7A
2019	S6
2020	S5F
2021	S5G
2022	S5D
2023	S5C
2024	E20J
2025	E19B
2026	E19C
2027	E20
2028	S4G
2029	S4H
2030	S4E
2031	S4A
2032	S4
2033	S4P
2034	S3E
2035	S3D
2036	FELIX TELLO
2037	M HINOJOSA
2038	P DE MERCADO
2039	CICAOS
2040	PEGUCHE
2041	CUERO
2042	JUAN DE LA COSA
2043	PEDRO TOBAR
2044	CARLOS POLIT
2045	LUIS PEREZ DE ANDA
2046	SICALPA
2047	THOMAS ROUSSEAU
2048	SAYAUSI
2049	WAYCO
2050	LINZ
2051	VERDECRUZ
2052	SAN RODRIGO
2053	NATALIA VELA
2054	GUADALUPANA
2055	M CAJIAS
2056	ANGOSTURAS
2057	DE VALDEZ
2058	LA CONDAMINE
2059	DE LADRON DE GUEVARA
2060	TOLOSA
2061	GERONA
2062	CADIZ
2063	VIZCAYA
2064	PONTEVEDRA
2065	A XAURA
2066	AV LA CORUÑA
2067	AV ISABEL LA CATOLICA
2068	VILLADOLID
2069	LA NIÑA
2070	LA PINTA
2071	SAN JAVIER
2072	GALDOS
2073	LA COLINA
2074	MUROS
2075	NOBOA CAAMAÑO
2076	LA RABIDA
2077	LA PRADERA
2078	M ITURREY
2079	ALPALLANA
2080	BULGARIA
2081	CARLOS TOBAR
2082	J SEVERINO
2083	PAREJA
2084	PAUL RIVETH
2085	GRECIA
2086	LA GRANJA
2087	RUSIA
2088	SUIZA
2089	CHECOESLOVAQUIA
2090	LUXEMBURGO
2091	HOLANDA
2092	GUAYAS
2093	MOSCU
2094	IÑAQUITO
2095	JUAN P SANZ
2096	COREA
2097	J AUZ
2098	MONACO
2099	EL TIEMPO
2100	ULTIMAS NOTICIAS
2101	FINLANDIA
2102	SUECIA
2103	JAPON
2104	ROMA
2105	AV JUAN DE ASCARAY
2106	VOZANDES
2107	BOUGUER
2108	M ECHEVERRIA
2109	MARIANO JIMBO
2110	JORGE DROM
2111	LONDRES
2112	EL UNIVERSO
2113	ISLA FLOREANA
2114	ISLA TORTUGA
2115	PAPALLACTA
2116	RIO COFANES
2117	ISLA SANTIAGO
2118	SUMACO
2119	OYACACHA
2120	INDANZA
2121	DE LA CANELA
2122	ESTOCOLMO
2123	GUEPI
2124	PABLO CASALS
2125	B PEÑA PONCE
2126	J GOLE
2127	MIGUEL CRUZ
2128	JAHUAY
2129	EMPERATRIZ ISABEL
2130	ESTRADA
2131	H TOSCANO
2132	ORUÑA
2133	S VIDELA
2134	CAPT R BORJA
2135	RAFAEL AULESTIA
2136	M ESPINOZA
2137	TORRES
2138	J M LANDA
2139	JUAN LEON
2140	QUILAGO
2141	HERNANDO CHICA
2142	LLANGARIMA
2143	TINOCOCHA
2144	MOORE
2145	SANCHO HACHO
2146	GASPAR TIGA
2147	MARIA TIGSILEMA
2148	F GUANONA
2149	PICAPAR
2150	NAZARETH
2151	P BOTTO
2152	OFELIA
2153	GUALEL
2154	FATIMA
2155	CHANDUY
2156	BELLAVISTA
2157	LAS CASCADAS
2158	LAS LAGUNAS
2159	DE LOS ESCULTORES
2160	SAN SEBASTIAN
2161	F DALMAU
2162	AVENIDA REAL AUDIENCIA
2163	AGUA CLARA
2164	H MARIN
2165	MOSEIS LUNA ANDRADE
2166	MARIANO PAREDES
2167	N71I
2168	RAUL PADILLA
2169	MIGUEL A ASTURIAS
2170	PABLO NERUDA
2171	ALBERTO EINSTEIN
2172	N76
2173	N75A
2174	N75B
2175	N75C
2176	N75D
2177	N75E
2178	N94
2179	N92
2180	N92A
2181	N92B
2182	N91B
2183	N91A
2184	MARIANO CALVACHE
2185	JUAN DE LA VEGA
2186	M SOTOMAYOR
2187	FRANCISCO DE COZAR
2188	TOMAS BERBUR
2189	F URRITIA
2190	J DE ILLANES
2191	N40D
2192	DE LOS MOTILONES
2193	MANRIQUE LARA
2194	SHUARA
2195	CHARAPA
2196	BERMEJO
2197	V FIERRO
2198	N40G
2199	JOSE QUERI
2200	DE LOS ROSALES
2201	DE LAS FRESAS
2202	DE LAS UVILLAS
2203	DE LOS CRISANTEMOS
2204	DE LOS MOLLES
2205	DE LOS LIRIOS
2206	DE LAS GUINDAS
2207	DE LAS HIGUERAS
2208	N45F
2209	N47C
2210	DE LOS MADROÑOS
2211	DE LAS MADRESELVAS
2212	DE LAS CUCARDAS
2213	LOS LIQUENES
2214	DE LAS FRUTILLAS
2215	DE LOS MOLLES
2216	FLORENCIA
2217	DE LAS FARSALIAS
2218	LAS ALGAS
2219	TEXAS
2220	CARLOS ASUNOS
2221	BELO HORIZONTE
2222	AVIGIRAS
2223	DE LAS MENTAS
2224	DE LOS ALHELIES
2225	DE LAS AVIGIRAS
2226	ANA DE AYALA
2227	N51
2228	N50H
2229	CARMEN OLMO
2230	DE LOS AZAFRANES
2231	CESAR TERAN FLORES
2232	DE LOS ALMENDROS
2233	DE LOS CHOLANES
2234	VICTORIA
2235	NIELSEN
2236	FRAY LEONARDO MURIALDO
2237	RIO TUNA
2238	RIO CEDRO
2239	DE LAS VIÑAS
2240	E PEYRAMALE
2241	MIGUEL NAJERA
2242	AV CARLOS FORTINES
2243	CARLOS DE SALAS
2244	R BASTIDAS DE AGUINADA
2245	JOAQUIN PAREJA
2246	A KLINGER
2247	FRANCISCO DE LA TORRE
2248	JOSE ENCALADA
2249	Z CASTRO
2250	A FABARA
2251	PEDRO GALARRAGA
2252	F REBOLEDO
2253	M URREA
2254	FELIPE PROAÑO
2255	B CARRION
2256	DE LOS ARUPOS
2257	E DELGADO
2258	I CABEZAS
2259	A DAVILA
2260	N66I
2261	ALHAJUELA
2262	N69J
2263	N69L
2264	JESUS DEL GRAN PODER
2265	AV PANAMERICANA NORTE
2266	N72C
2267	N73
2268	CAPRI
2269	G CORREA
2270	F MAINES
2271	HERNANDEZ
2272	CARRANZA
2273	N76D
2274	E3C
2275	DE LA BARRERA
2276	AÑASCO
2277	B DE LA ROSA
2278	G PEREZ
2279	MARIANO SUAREZ VEINTIMILLA
2280	AGUSTIN CUEVA
2281	DE LA PARRA
2282	N80B
2283	P QUIROZ
2284	JUAN VILLAURI
2285	N90
2286	N86C
2287	PERIMETRAL
2288	EL VERGEL
2289	GRANILANDIA
2290	DA VINCI
2291	AV PUSUQUI
2292	VIA A NAYON
2293	LONARDO TEJADA
2294	DEL JILGUERO
2295	HUIRAGCHURO
2296	DEL PICAFLOR
2297	JAIME A MOSCOSO
2298	RICARDO SAENZ
2299	SALGUEROS
2300	AV LAS PALMERAS
2301	CUARTA TRAVERSAL
2302	CALIFORNIA ALTA
2303	LOS DUQUES
2304	9 DE JULIO
2305	E17
2306	E16E
2307	E19A
2308	E18A
2309	E16F
2310	DE LOS AMARANTOS
2311	SAN RAFAEL
2312	SAN MIGUEL DE ANAGAES
2313	DE LAS UVAS
2314	N54G
2315	N52M
2316	N52N
2317	N52L
2318	N52H
2319	N52I
2320	DE LAS CAMELIAS
2321	MANUEL TAMAYO GALARZA
2322	E15B
2323	E18
2324	E18A
2325	E17A
2326	E17B
2327	E17C
2328	E17D
2329	E17E
2330	M ALFARO
2331	N MORENO
2332	AMADA MINDA
2333	F DAQUILEMA
2334	L AMBIMAÑAY
2335	J YANEZ
2336	SALTOS
2337	J GUALAVISI
2338	TERESA IZA
2339	MAXIMO GOMEZ
2340	F CAMANA
2341	MARIA PINTO
2342	29 DE MAYO
2343	28 DE MAYO
2344	15 DE NOVIEMBRE
2345	ESCALANTE
2346	J MACHAIRE
2347	VILLALBA
2348	AUGUSTIN SALCEDO
2349	ODILO AGUILAR
2350	MARIANA DE JESUS
2351	LOS CONDORES
2352	LOS CISNES
2353	LOS PELICANOS
2354	LOS PIQUEROS
2355	LOS CANARIOS
2356	E14
2357	E14A
2358	AVENIDA PADRE LUIS VACCARI
2359	E15
2360	E13
2361	E13D
2362	E14C
2363	AV LAS PALMAS
2364	N74D
2365	N75B
2366	E14B
2367	RUCO PICHINCHA
2368	LOS ARRAYANES
2369	AV PADRE LUIS VACCARI
2370	E13B
2371	N86
2372	N92C
2373	N87
2374	PUSUQUI
2375	LAS TOLAS
2376	LEONARDO TEJADA
2377	DEL TICTIRIAN
2378	DEL MIRLO
2379	N45
2380	N45B
2381	DEL QUINDE
2382	N48B
2383	E19D
2384	E19E
2385	E19F
2386	N49A
2387	BENALCAZAR
2388	FABIAN PAEZ
2389	JULIO TUFIÑO
2390	MANUEL BENITEZ
2391	5 DE JULIO
2392	VICENTE SIMBAÑA
2393	LOS ROSALES
2394	LAS ILUSIONES
2395	19 DE MARZO
2396	LOS GIRASOLES
2397	LAS ORQUIDEAS
2398	LOS CLAVELES
2399	LAS AZUCENAS
2400	NUÑEZ
2401	LAS FLORES
2402	M GALARZA
2403	17 DE SEPTIEMBRE
2404	NICOLAS PICO
2405	M REGALADO
2406	EL ARENAL
2407	EL CARMEN
2408	25 DE NOVIEMBRE
2409	JOSE GROSS
2410	CAPT GEOVANNI CALLES
2411	RIO CUYABENO
2412	RIO CHIMBO
2413	RIO CHANCHAN
2414	LA RIOJA
2415	NEPTALI GODOY
2416	MEDICINBOW
2417	SIERRA MORENA
2418	ALHAMBRA
2419	AV ESPENCER
2420	LOS CEDROS
2421	AV ESTUPIÑAN
2422	SANTA ANA
2423	AVENIDA ROBLES
2424	HUASCAR
2425	CALERO
2426	QUITO
2427	ATAHUALPA
2428	ISIDRO AYORA
2429	SUCRE
2430	HUAYNA CAPAC
2431	ESMERALDAS
2432	GUAYAQUIL
2433	MEXICO
2434	BABAHOYO
2435	JORGE RUIZ
2436	11 DE FEBRERO
2437	BOLIVAR
2438	JULIO PARRA
2439	PAQUISHA
2440	GRAN COLOMBIA
2441	ARTURO HINOJOSA
2442	LOS ALVAROS
2443	RAFAEL LEON
2444	V CARRILLO
2445	CARAPUNGO
2446	SAN MARCOS
2447	REDIN 2
2448	MIRAMELINDA
2449	23 ABRIL
2450	PRIMAVERA
2451	JAZMINES
2452	CALIXTO
2453	MUZO
2454	SAN CAMILO
2455	SAN ALFONSO
2456	SAN JOSE
2457	SAN FRANCISCO
2458	SAN MATEO
2459	LEONIDAS PROAÑO
2460	DORAL
2461	MIAMI
2462	SEVILLA
2463	CAPT GIOVANNI CALLES
2464	CALIFORNIA
2465	ZARAGOZA
2466	JOSE ANDRADE
2467	LOS GERANIOS
\.


--
-- TOC entry 2177 (class 0 OID 0)
-- Dependencies: 171
-- Name: avenida_id_avenida_seq; Type: SEQUENCE SET; Schema: public; Owner: postgres
--

SELECT pg_catalog.setval('avenida_id_avenida_seq', 1, false);


--
-- TOC entry 2135 (class 0 OID 16566)
-- Dependencies: 172
-- Data for Name: barrios; Type: TABLE DATA; Schema: public; Owner: postgres
--

COPY barrios (id_barrio, nombre_barrio) FROM stdin;
1	SAN JOSE DE CUTUGLAGUA 3
2	LA DOLOROSA ALTA
3	SAN PABLO
4	SANTOSPAMBA
5	MANUELITA SAENZ
6	LOS PEDESTALES
7	SAN ALFONSO
8	NUEVO HORIZONTES DEL SUR
9	LOS ARRAYANES
10	LOS CONDORES
11	LA INDEPENDENCIA
12	LA MERCED
13	COLINAS DEL SUR
14	SAN FRANCISCO DE HUARCAY
15	HUARCAY BAJO
16	CAMILO PONCE
17	COLINAS DE CHILLOGALLO
18	LA LIBERTAD
19	TURUBAMBA MONJAS 2
20	NONO
21	SAN JOSE DE CUTUGLAGUA 2
22	SAN ISIDRO DE GUAMANI
23	HEROES DE PAQUISHA
24	LA ESPERANZA DE GUAMANI
25	JOSE PERALTA
26	SAN FERNANDO DE GUAMANI
27	SANTA ANITA DEL SUR
28	18 DE OCTUBRE
29	SIERRA HERMOSA
30	HEMISFERIO SUR
31	TURUBAMA DE MONJAS
32	LA ECUATORIANA
33	SAN FRANCISCO DEL SUR
34	MARTHA BUCARAM DEL ROLDOS
35	LAS ORQUIDEAS
36	CIUDADELA IBARRA
37	2 DE FEBRERO
38	EL PORVENIR
39	EL TRANSITO
40	LOS ANDES
41	EL GIRON
42	SAN GREGORIO
43	23 DE MAYO
44	SAN LUIS
45	SAN MATEO
46	VENCEREMOS
47	SANTA ROSA DE CHILLOGALLO
48	CELAUR
49	VISTA HERMOSA
50	SAN JOSE DE CUTUGLAGUA 1
51	PLAN VICTORIA
52	LA VICTORIA CENTRAL
53	CEDOC
54	EL ROCIO DE GUAMANI
55	MATILDE ALVAREZ
56	SAN VICENTE CORNEJO
57	LA PERLA
58	GUAMANI ALTO
59	SAN GREGORIO
60	TURUBAMBA DE MONJAS BEV
61	NUEVA AURORA
62	VERTIENTES DEL SUR
63	EJERCITO NACIONAL
64	LA CONCORDIA
65	NINALLACTA
66	ALLPALLACTA
67	HUAYRALLACTA
68	CAUSAYLLACTA
69	QUITUMBE
70	TAMIALLACTA
71	LAS CUADRAS
72	FUNDEPORTE
73	SANTA MARTHA
74	CHILLOGALLO
75	MARISCAL DE AYACUCHO
76	SANTA BARBARA
77	POTRERILLOS
78	MONTE DE OLIVOS
79	SANTA INES 2
80	10 DE JUNIO
81	SANTA BARBARA BAJA
82	SAN FERNANDO
83	REINO DE QUITO
84	TACHINA 2
85	TARQUI 1
86	MENA 2
87	CUTUGLAGUA
88	VICTORIA BAJA
89	SAN ANTONIO DE TURUBAMBA ALTO
90	SAN RAFAEL
91	SAN JUAN DE TURUBAMBA
92	SANTO TOMAS
93	SAN JOSE DE GUAMANI
94	LA ISLA
95	ARGENTINA
96	BEATERIO ANDINATEL
97	EJERCITO NACIONAL 2DA ETAPA
98	LA BRETAÑA
99	TANASA
100	PUEBLO SOLO PUEBLO
101	TERRANOVA
102	QUILLALLACTA
103	MUYULLACTA
104	RUCCULLACTA
105	INTILLACTA
106	PACARILLACTA
107	TAMBOLLACTA
108	LAS CUADRAS
109	SANTA RITA
110	TURUBAMBA ALTO
111	COMBATIENTES
112	GATAZO
113	BILOXI
114	LA RAYA
115	VENCEDORES DEL PICHINCHA
116	SANTIAGO ALTO
117	25 DE JULIO
118	LA COMUNA
119	CHILIBULO
120	VIRGENPATA
121	CANTON MEJIA
122	EL MANANTIAL
123	JARDINES DE TURUBAMBA
124	ECUADOR DEL FUTURO
125	ETERNIT
126	VENECIA
127	NUEVA JERUSALEN
128	EL GARROCHAL
129	CAUPICHO
130	CAUPICHO 3
131	EL BEATERIO
132	SAN BLAS
133	CARLOS MENDEZ
134	EL CONDE
135	EL CONDE I
136	SALVADOR ALLENDE
137	AYMESA
138	SANCHEZ ORELLANA
139	PANAMERICANA SUR
140	VALLE DEL SUR
141	ASISTENCIA SOCIAL
142	GUAJALO
143	SAN CRISTOBAL
144	UNION POPULAR
145	EL COMERCIO
146	ALVARO PEREZ
147	INDEPENDIENTE
148	EL CARMEN
149	LUIS A VALENCIA
150	SOLANDA
151	FRENTE POPULAR
152	COOPERATIVA IESS FUT
153	UNION Y JUSTICIA
154	LA LORENA
155	SANTIAGO
156	SANTA ANITA
157	EL PINTADO
158	SAN JOSE DE CHILIBULO
159	MAGDALENA ALTA
160	LOS LIBERTADORES
161	LA UNION
162	EL PARAISO
163	JESUS DEL GRAN PODER
164	NUEVO AMANECER
165	LA FLORIDA
166	BELLAVISTA SUR
167	MUSCULOS Y RIELES
168	EDEN DEL SUR
169	EL CONDE 3
170	CAMPO ALEGRE
171	TREBOLES DEL SUR
172	NUEVOS HORIZONTES
173	QUITUS COLONIAL
174	PUEBLO UNIDO
175	BALCON DEL SUR
176	BELLA ARGELIA
177	LUCHA DE LOS POBRES
178	EL MIRADOR
179	MAYORISTA
180	SANTA ROSA ARGELIA
181	LA ARGELIA
182	TNTE HUGO ORTIZ
183	GERMAN AVILA
184	SAN AGUSTIN
185	QUITO SUR
186	CALZADO 1 DE MAYO
187	CLEMENTE BALLEN
188	BARRIONUEVO
189	ATAHUALPA
190	LA MAGDALENA
191	HERMANO MIGUEL
192	SANTA LUCIA ALTA
193	YAGUACHI
194	SANTA LUCIA BAJO
195	LA COLMENA ALTA
196	LA CANTERA
197	PAVON GRIJALVA
198	SAN SALVADOR
199	SAN LUIS
200	EL TROJE
201	CIUDAD FUTURA
202	SAN MARTIN DE PORRES
203	TAMBO DEL INCA
204	SAN MARTIN
205	ARGELIA ALTA
206	BUGARIN
207	SAN LUIS
208	HIERBA BUENA
209	AIDA LEON 
210	SAN BARTOLO
211	RECREO CLEMENCIA
212	EPICLACHIMA
213	FERROVIARIA BAJA
214	CHIRIYACU
215	EL CAMAL
216	VILLAFLORA
217	SANTA ANA
218	LOS ANDES
219	LOS DOS PUENTES
220	EL PANECILLO
221	YAVIRAC
222	LIBERTAD
223	SAN DIEGO
224	LA VICTORIA
225	SAN ROQUE
226	EL PLACER
227	EL TEJAR
228	TOCTIUCO
229	MIRAFLORES ALTO
230	EL ARMERO
231	SANTA MARIA
232	SANTA ANITA ALTA
233	SANTA ROSA DE SINGUNA
234	SAN JOSE OBRERO
235	LA PLANADA
236	PISULI
237	COLINAS DEL NORTE
238	LAS TENERIAS
239	LA LETICIA
240	LA ESPERANZA DE CONOCOTO
241	ORIENTE QUITEÑO
242	MIRAVALLE
243	SAN LUIS DE MIRAVALLE
244	FERROVIARIA MEDIA
245	ALEGRIA N1
246	FERROVIARIA ALTA
247	LA FORESTAL
248	CHAGUARQUINGO
249	PIO XII
250	MEXICO
251	LULUNCOTO
252	EL SENA
253	SAN SEBASTIAN
254	LA RECOLETA
255	LA LOMA
256	SAN MARCOS
257	LA RONDA
258	LA MERCED
259	GONZALEZ SUAREZ
260	LA MARIN
261	LA CHILENA
262	LA INDEPENDENCIA
263	SAN JUAN
264	AMERICA
265	MIRAFLORES
266	LA GASCA
267	PAMBACHUPA
268	LA COMUNA
269	LA PRIMAVERA
270	SAN VICENTE
271	LA PULIDA
272	ANA MARIA BAJO
273	ATUCUCHO
274	RUPERTO ALARCON
275	EL BOSQUE
276	PABLO ARTURO SUAREZ
277	SANTA ISABEL
278	SAN ENRIQUE DE VELASCO
279	COLINAS DEL NORTE
280	RANCHO SAN ANTONIO
281	SANTA CRUZ DE CASITAGUA
282	JAIME ROLDOS
283	SAN ANTONIO
284	ONTANEDA ALTO
285	SAN MIGUEL DE CHACHAS
286	SANTA ROSA
287	SAN JOSE DEL VALLE
288	JOSE MARIA VELASCO IBARRA
289	BELLAVISTA
290	PARAISO DE LOS PINOS
291	SAN CRISTOBAL DE LOS PINOS
292	VERTIENTES UNIDAS
293	SANTA TERESITA
294	SAN PATRICIO
295	SANTA FAZ
296	FORESTAL ALTA
297	SAN ISIDRO DE PUENGASI
298	LA TOLA BAJA
299	LA TOLA
300	SAN BLAS
301	ITCHIMBIA
302	LA ALAMEDA
303	EL EJIDO
304	LARREA
305	CIUDADELA UNIVERSITARIA
306	SANTA CLARA DE SAN MILLAN
307	BELISARIO QUEVEDO
308	LAS CASAS
309	LA GRANJA
310	NINGUILLA
311	ALTAMIRA
312	IÑAQUITO ALTO
313	COLINAS DEL PICHINCHA
314	EL BOSQUE
315	COCHAPAMBA
316	UNION NACIONAL
317	ANA MARIA
318	SAN LORENZO
319	SAN FERNANDO
320	EL PINAR ALTO
321	SAN VICENTE DE LA FLORIDA
322	EL PEDREGAL
323	AERONAUTICO
324	CORDILLERA
325	SAN CARLOS
326	EL PORVENIR
327	QUITO NORTE
328	THOMAS
329	SAN JOSE DE JARRIN
330	MENA DEL HIERRO
331	LOMA HERMOSA
332	EL CONDADO
333	23 DE JUNIO
334	RANCHO BAJO
335	JUSTICIA SOCIAL
336	CAMINOS DE LIBERTAD
337	CANGAHUA
338	CONSEJO PROVINCIAL
339	LA MACARENA
340	SANTA MONICA
341	SAN ANTONIO DE CONOCOTO
342	6 DE DICIEMBRE
343	LOS PINOS
344	MONSERRAT BAJO
345	SANTO DOMINGO BAJO
346	VALLE HERMOSO
347	MIRAVALLE 
348	BALCON DEL VALLE
349	OBRERO INDEPENDIENTE
350	ELOY ALFARO DE PUENGASI
351	EDEN DEL VALLE 2
352	MONJAS DONOSO
353	MONJAS MEDIO
354	SAN PEDRO DE MONJAS
355	BOLIVAR RODRIGUEZ
356	JULIO MORENO
357	MARISCAL SUCRE
358	SAN GABRIEL
359	MARIANA DE JESUS
360	LA REPUBLICA
361	GRANDA CENTENO
362	RUMIPAMBA
363	VOZ DE LOS ANDES
364	TENIS CLUB
365	LIFE
366	MEXTERIOR
367	EL PINAR BAJO
368	LA CONCEPCION
369	ANDALUCIA
370	LA FLORIDA
371	AEROPUERTO
372	SAN PEDRO CLAVER
373	BETANIA
374	LOS TULIPANES
375	EL ROSARIO
376	COTOCOLLAO
377	LA DELICIA
378	SAN JOSE DEL CONDADO
379	QUITO TENIS Y GOLF CLUB
380	SAN GREGORIO
381	SAN ISIDRO DE UYACHUL
382	COVICENDES
383	CIUDAD Q BOSQUE
384	EL ROSAL
385	ANDALUZ
386	LA CHORRERA
387	EMPRESA ELECTRICA
388	VISTA HERMOSA
389	SANTO DOMINGO DE CONOCOTO
390	PODER JUDICIAL
391	COLLACOTO
392	TERRAZA DEL SOL
393	LOMAS DE PUENGASI
394	EDEN DEL VALLE 1
395	ALMA LOJANA
396	1RO DE MAYO MONJAS
397	MADRIGAL
398	JARDIN DEL VALLE
399	LA VICENTINA
400	SAN PABLO
401	EL GUABO
402	SANTA LUCIA
403	LA FLORESTA
404	LA COLON
405	LA PRADERA
406	BATAN BAJO
407	LA PAZ
408	BENALCAZAR
409	LA COROLINA
410	IÑAQUITO
411	CHAUPICRUZ
412	CAMPO ALEGRE
413	JIPIJAPA
414	LAS ACACIAS
415	LA LUZ
416	BAKER
417	COFAVI
418	LA RUMIÑAHUI
419	NAZARETH
420	LA OFELIA
421	EL ROCIO
422	AGUA CLARA
423	SAN EDUARDO
424	MARISOL
425	PONCIANO BAJO
426	LA ESPERANZA
427	PONCIANO ALTO
428	PRADOS DEL OESTE
429	LOS CIPRESES
430	BALCON DEL NORTE
431	PARCAYACU
432	LA CAMPIÑA
433	ARMENIA 2
434	CONOCOTO
435	CIUDADELA DEL NIÑO
436	JUAN PABLO II
437	CACHARPAQUI
438	PUERTA DEL VALLE
439	HOSPITALARIA
440	LOS ARUPOS
441	CORNEJO ALTO
442	SALVADOR CELI
443	BUENOS AIRES
444	AUQUI MONJAS
445	AUNQUI ALTO
446	BELLA MARIA
447	SAN FRANCISCO DE MIRAVALLE
448	BELLAVISTA ALTA
449	EL BATAN ALTO
450	ESTADIO ATAHUALPA
451	EL BATAN BAJO
452	EL BATAN
453	BORJA YEROVI
454	6 DE DICIEMBRE
455	ZALDUMBIDE
456	SAN JOSE DEL INCA
457	EL INCA
458	DAMMER 1
459	DAMMER 2
460	SAN ISIDRO DEL INCA
461	LA KENNEDY
462	LA VICTORIA
463	JULIO MATOVELLE
464	CALIFORNIA BONANZA
465	LUCIA ALBAN
466	MONSERRAT
467	RODRIGUEZ AGUIRRE
468	SANTA LUCIA ALTA
469	COLLA LOMA 9 DE JULIO
470	CRISTIANIA
471	EL COLEGIO
472	SANTA LUCIA BAJA
473	MONGE DONOSO
474	CONTRALORIA
475	ALBERTO EINSTEIN
476	CORAZON DE JESUS
477	LA JOSEFINA
478	JOHN F KENNEDY
479	LA ARMENIA
480	JARDINES DEL BATAN
481	ANA LUISA 
482	GABRIELA MARINA
483	LOS LAURELES
484	MONTESERRIN
485	UNION Y PROGRESO
486	HOSPITAL SOLCA
487	EL EDEN
488	NUESTRA MADRE LA MERCED
489	COMITE DEL PUEBLO
490	CRISTIANIA 2
491	PUERTAS DEL SOL
492	CARRETAS
493	LOS PINOS
494	BELLAVISTA DE CARRETAS
495	URABA
496	CARCELEN
497	PUSUQUI 1
498	GRANILANDIA ALTO
499	LAS BROMELIAS 
500	CAMPO ALEGRE
501	BUENOS AIRES
502	SAN MIGUEL DE AMAGASI
503	QUINTANA
504	LA BOTA
505	SAN FRANCISCO DEL NORTE
506	CAMINO DE EUCALIPTOS
507	CARCELEN LIBRE
508	MASTODONTES
509	PUSUQUI CHICO
510	CARCELEN BAJO
511	LIRIOS DE CARCELEN
512	LAS TOLAS
513	COLEGIO FRANCES
514	SAN VICENTE DE TANDA
515	LAS PALMAS
516	EL TABLON
517	LA TOLA ALTA
518	JARDINES DEL INCA
519	SAN FELIPE
520	LA LIBERTAD
521	BELLA AURORA
522	LLANO CHICO
523	SIERRA HERMOSA
524	PROFESORES MUNICIPALES
525	ALEGRIA
526	EL ARENAL
527	EL VERGEL
528	CARAPUNGO
529	SAN LUIS DE CALDERON
530	MACARENA
531	LA MORENITA
532	SAN FRANCISCO
533	ECUADOR
534	LUZ Y VIDA
535	UNION NACIONAL
536	EL COMIN
537	SAN FRANCISCO DE TANDA
538	SAN PEDRO DE INCHAPICHO
539	GUAYRALOMA
540	TACURI
541	SAN JOAQUIN
542	BARRIO CENTRAL
543	NAYON
544	ZAMBIZA
545	SAN MIGUEL
546	GUALO
547	LA DOLOROSA
548	ALVAROPAMBA
549	LA DELICIA
550	REDIN
551	SAN JUAN LOMA
552	SAN CAMILO
553	SAN RAFAEL
554	EL CLAVEL
555	SIERRA HERMOSA
556	PRADOS DE CALDERON
557	SAN JOSE
558	SAN JOSE MORAN
559	NUEVO AMANECER
560	REINA DEL CISNE
561	SANTA CLARA DE POMASQUI
562	JESUS DEL GRAN PODER
\.


--
-- TOC entry 2178 (class 0 OID 0)
-- Dependencies: 173
-- Name: barrios_id_barrio_seq; Type: SEQUENCE SET; Schema: public; Owner: postgres
--

SELECT pg_catalog.setval('barrios_id_barrio_seq', 1, false);


--
-- TOC entry 2137 (class 0 OID 16571)
-- Dependencies: 174
-- Data for Name: cuadrante; Type: TABLE DATA; Schema: public; Owner: postgres
--

COPY cuadrante (id_cuadrante, codigo_cuadrante, id_zona, punto_x, punto_y) FROM stdin;
471	A1	1	\N	\N
473	A3	1	\N	\N
474	A4	1	\N	\N
475	A5	1	\N	\N
476	A6	1	\N	\N
477	A7	1	\N	\N
478	A8	1	\N	\N
479	A9	1	\N	\N
480	A10	1	\N	\N
481	A11	1	\N	\N
482	A12	1	\N	\N
483	A13	1	\N	\N
484	A14	1	\N	\N
485	A15	1	\N	\N
486	A16	1	\N	\N
487	A17	1	\N	\N
488	A18	1	\N	\N
489	A19	1	\N	\N
490	A20	1	\N	\N
491	A21	1	\N	\N
492	A22	1	\N	\N
493	A23	1	\N	\N
494	A24	1	\N	\N
495	A25	1	\N	\N
496	A26	1	\N	\N
497	A27	1	\N	\N
498	A28	1	\N	\N
499	A29	1	\N	\N
500	A30	1	\N	\N
501	A31	1	\N	\N
502	A32	1	\N	\N
503	A33	1	\N	\N
505	B1	1	\N	\N
506	B2	1	\N	\N
507	B3	1	\N	\N
508	B4	1	\N	\N
509	B5	1	\N	\N
510	B6	1	\N	\N
511	B7	1	\N	\N
512	B8	1	\N	\N
513	B9	1	\N	\N
514	B10	1	\N	\N
515	B11	1	\N	\N
516	B12	1	\N	\N
517	B13	1	\N	\N
518	B14	1	\N	\N
519	B15	1	\N	\N
520	B16	1	\N	\N
521	B17	1	\N	\N
522	B18	1	\N	\N
523	B19	1	\N	\N
524	B20	1	\N	\N
525	B21	1	\N	\N
526	B22	1	\N	\N
527	B23	1	\N	\N
528	B24	1	\N	\N
529	B25	1	\N	\N
530	B26	1	\N	\N
531	B27	1	\N	\N
532	B28	1	\N	\N
533	B29	1	\N	\N
534	B30	1	\N	\N
535	B31	1	\N	\N
536	B32	1	\N	\N
537	B33	1	\N	\N
538	B34	1	\N	\N
539	C1	1	\N	\N
540	C2	1	\N	\N
541	C3	1	\N	\N
542	C4	1	\N	\N
543	C5	1	\N	\N
544	C6	1	\N	\N
545	C7	1	\N	\N
546	C8	1	\N	\N
547	C9	1	\N	\N
548	C10	1	\N	\N
549	C11	1	\N	\N
550	C12	1	\N	\N
551	C13	1	\N	\N
552	C14	1	\N	\N
553	C15	1	\N	\N
554	C16	1	\N	\N
555	C17	1	\N	\N
556	C18	1	\N	\N
557	C19	1	\N	\N
558	C20	1	\N	\N
559	C21	1	\N	\N
560	C22	1	\N	\N
561	C23	1	\N	\N
562	C24	1	\N	\N
563	C25	1	\N	\N
564	C26	1	\N	\N
565	C27	1	\N	\N
566	C28	1	\N	\N
567	C29	1	\N	\N
568	C30	1	\N	\N
569	C31	1	\N	\N
570	C32	1	\N	\N
571	C33	1	\N	\N
572	C34	1	\N	\N
573	D1	1	\N	\N
574	D2	1	\N	\N
575	D3	1	\N	\N
576	D4	1	\N	\N
577	D5	1	\N	\N
578	D6	1	\N	\N
579	D7	1	\N	\N
580	D8	1	\N	\N
581	D9	1	\N	\N
582	D10	1	\N	\N
583	D11	1	\N	\N
584	D12	1	\N	\N
585	D13	1	\N	\N
586	D14	1	\N	\N
587	D15	1	\N	\N
588	D16	1	\N	\N
589	D17	1	\N	\N
590	D18	1	\N	\N
591	D19	1	\N	\N
592	D20	1	\N	\N
593	D21	1	\N	\N
594	D22	1	\N	\N
595	D23	1	\N	\N
596	D24	1	\N	\N
597	D25	1	\N	\N
598	D26	1	\N	\N
599	D27	1	\N	\N
600	D28	1	\N	\N
601	D29	1	\N	\N
602	D30	1	\N	\N
603	D31	1	\N	\N
604	D32	1	\N	\N
605	D33	1	\N	\N
606	D34	1	\N	\N
607	E1	1	\N	\N
608	E2	1	\N	\N
609	E3	1	\N	\N
610	E4	1	\N	\N
611	E5	1	\N	\N
612	E6	1	\N	\N
613	E7	1	\N	\N
614	E8	1	\N	\N
615	E9	1	\N	\N
616	E10	1	\N	\N
617	E11	1	\N	\N
618	E12	1	\N	\N
619	E13	1	\N	\N
620	E14	1	\N	\N
621	E15	1	\N	\N
622	E16	1	\N	\N
623	E17	1	\N	\N
624	E18	1	\N	\N
625	E19	1	\N	\N
626	E20	1	\N	\N
627	E21	1	\N	\N
628	E22	1	\N	\N
629	E23	1	\N	\N
630	E24	1	\N	\N
631	E25	1	\N	\N
632	E26	1	\N	\N
633	E27	1	\N	\N
634	E28	1	\N	\N
635	E29	1	\N	\N
636	E30	1	\N	\N
637	E31	1	\N	\N
638	E32	1	\N	\N
639	E33	1	\N	\N
640	E34	1	\N	\N
641	F1	1	\N	\N
642	F2	1	\N	\N
643	F3	1	\N	\N
644	F4	1	\N	\N
645	F5	1	\N	\N
646	F6	1	\N	\N
647	F7	1	\N	\N
648	F8	1	\N	\N
649	F9	1	\N	\N
650	F10	1	\N	\N
651	F11	1	\N	\N
652	F12	1	\N	\N
653	F13	1	\N	\N
654	F14	1	\N	\N
655	F15	1	\N	\N
656	F16	1	\N	\N
657	F17	1	\N	\N
658	F18	1	\N	\N
659	F19	1	\N	\N
660	F20	1	\N	\N
661	F21	1	\N	\N
662	F22	1	\N	\N
663	F23	1	\N	\N
664	F24	1	\N	\N
665	F25	1	\N	\N
666	F26	1	\N	\N
667	F27	1	\N	\N
668	F28	1	\N	\N
669	F29	1	\N	\N
670	F30	1	\N	\N
671	F31	1	\N	\N
672	F32	1	\N	\N
673	F33	1	\N	\N
674	F34	1	\N	\N
675	G1	1	\N	\N
676	G2	1	\N	\N
677	G3	1	\N	\N
678	G4	1	\N	\N
679	G5	1	\N	\N
680	G6	1	\N	\N
681	G7	1	\N	\N
682	G8	1	\N	\N
683	G9	1	\N	\N
684	G10	1	\N	\N
685	G11	1	\N	\N
686	G12	1	\N	\N
687	G13	1	\N	\N
688	G14	1	\N	\N
689	G15	1	\N	\N
690	G16	1	\N	\N
691	G17	1	\N	\N
692	G18	1	\N	\N
693	G19	1	\N	\N
694	G20	1	\N	\N
695	G21	1	\N	\N
696	G22	1	\N	\N
697	G23	1	\N	\N
698	G24	1	\N	\N
699	G25	1	\N	\N
700	G26	1	\N	\N
701	G27	1	\N	\N
702	G28	1	\N	\N
703	G29	1	\N	\N
704	G30	1	\N	\N
705	G31	1	\N	\N
706	G32	1	\N	\N
707	G33	1	\N	\N
708	G34	1	\N	\N
709	H1	1	\N	\N
710	H2	1	\N	\N
711	H3	1	\N	\N
712	H4	1	\N	\N
713	H5	1	\N	\N
714	H6	1	\N	\N
715	H7	1	\N	\N
716	H8	1	\N	\N
717	H9	1	\N	\N
718	H10	1	\N	\N
719	H11	1	\N	\N
720	H12	1	\N	\N
721	H13	1	\N	\N
722	H14	1	\N	\N
723	H15	1	\N	\N
724	H16	1	\N	\N
725	H17	1	\N	\N
726	H18	1	\N	\N
727	H19	1	\N	\N
728	H20	1	\N	\N
729	H21	1	\N	\N
730	H22	1	\N	\N
731	H23	1	\N	\N
732	H24	1	\N	\N
733	H25	1	\N	\N
734	H26	1	\N	\N
735	H27	1	\N	\N
736	H28	1	\N	\N
737	H29	1	\N	\N
738	H30	1	\N	\N
739	H31	1	\N	\N
740	H32	1	\N	\N
741	H33	1	\N	\N
742	H34	1	\N	\N
777	I1	1	\N	\N
778	I2	1	\N	\N
779	I3	1	\N	\N
780	I4	1	\N	\N
781	I5	1	\N	\N
782	I6	1	\N	\N
783	I7	1	\N	\N
784	I8	1	\N	\N
785	I9	1	\N	\N
786	I10	1	\N	\N
787	I11	1	\N	\N
788	I12	1	\N	\N
789	I13	1	\N	\N
790	I14	1	\N	\N
791	I15	1	\N	\N
792	I16	1	\N	\N
793	I17	1	\N	\N
794	I18	1	\N	\N
795	I19	1	\N	\N
796	I20	1	\N	\N
797	I21	1	\N	\N
798	I22	1	\N	\N
799	I23	1	\N	\N
800	I24	1	\N	\N
801	I25	1	\N	\N
802	I26	1	\N	\N
803	I27	1	\N	\N
804	I28	1	\N	\N
805	I29	1	\N	\N
806	I30	1	\N	\N
807	I31	1	\N	\N
808	I32	1	\N	\N
809	I33	1	\N	\N
810	I34	1	\N	\N
811	J1	1	\N	\N
812	J2	1	\N	\N
813	J3	1	\N	\N
814	J4	1	\N	\N
815	J5	1	\N	\N
816	J6	1	\N	\N
817	J7	1	\N	\N
818	J8	1	\N	\N
819	J9	1	\N	\N
820	J10	1	\N	\N
821	J11	1	\N	\N
822	J12	1	\N	\N
823	J13	1	\N	\N
824	J14	1	\N	\N
825	J15	1	\N	\N
826	J16	1	\N	\N
827	J17	1	\N	\N
828	J18	1	\N	\N
829	J19	1	\N	\N
830	J20	1	\N	\N
831	J21	1	\N	\N
832	J22	1	\N	\N
833	J23	1	\N	\N
834	J24	1	\N	\N
835	J25	1	\N	\N
836	J26	1	\N	\N
837	J27	1	\N	\N
838	J28	1	\N	\N
839	J29	1	\N	\N
840	J30	1	\N	\N
841	J31	1	\N	\N
842	J32	1	\N	\N
843	J33	1	\N	\N
844	J34	1	\N	\N
845	K1	1	\N	\N
846	K2	1	\N	\N
847	K3	1	\N	\N
848	K4	1	\N	\N
849	K5	1	\N	\N
850	K6	1	\N	\N
851	K7	1	\N	\N
852	K8	1	\N	\N
853	K9	1	\N	\N
854	K10	1	\N	\N
855	K11	1	\N	\N
856	K12	1	\N	\N
857	K13	1	\N	\N
858	K14	1	\N	\N
859	K15	1	\N	\N
860	K16	1	\N	\N
861	K17	1	\N	\N
862	K18	1	\N	\N
863	K19	1	\N	\N
864	K20	1	\N	\N
865	K21	1	\N	\N
866	K22	1	\N	\N
867	K23	1	\N	\N
868	K24	1	\N	\N
869	K25	1	\N	\N
870	K26	1	\N	\N
871	K27	1	\N	\N
872	K28	1	\N	\N
873	K29	1	\N	\N
874	K30	1	\N	\N
875	K31	1	\N	\N
876	K32	1	\N	\N
877	K33	1	\N	\N
878	K34	1	\N	\N
879	L1	1	\N	\N
880	L2	1	\N	\N
881	L3	1	\N	\N
882	L4	1	\N	\N
883	L5	1	\N	\N
884	L6	1	\N	\N
885	L7	1	\N	\N
886	L8	1	\N	\N
887	L9	1	\N	\N
888	L10	1	\N	\N
889	L11	1	\N	\N
890	L12	1	\N	\N
891	L13	1	\N	\N
892	L14	1	\N	\N
893	L15	1	\N	\N
894	L16	1	\N	\N
895	L17	1	\N	\N
896	L18	1	\N	\N
897	L19	1	\N	\N
898	L20	1	\N	\N
899	L21	1	\N	\N
900	L22	1	\N	\N
901	L23	1	\N	\N
902	L24	1	\N	\N
903	L25	1	\N	\N
904	L26	1	\N	\N
905	L27	1	\N	\N
906	L28	1	\N	\N
907	L29	1	\N	\N
908	L30	1	\N	\N
909	L31	1	\N	\N
910	L32	1	\N	\N
911	L33	1	\N	\N
912	L34	1	\N	\N
913	M1	1	\N	\N
914	M2	1	\N	\N
915	M3	1	\N	\N
916	M4	1	\N	\N
917	M5	1	\N	\N
918	M6	1	\N	\N
919	M7	1	\N	\N
920	M8	1	\N	\N
921	M9	1	\N	\N
922	M10	1	\N	\N
923	M11	1	\N	\N
924	M12	1	\N	\N
925	M13	1	\N	\N
926	M14	1	\N	\N
927	M15	1	\N	\N
928	M16	1	\N	\N
929	M17	1	\N	\N
930	M18	1	\N	\N
931	M19	1	\N	\N
932	M20	1	\N	\N
933	M21	1	\N	\N
934	M22	1	\N	\N
935	M23	1	\N	\N
936	M24	1	\N	\N
937	M25	1	\N	\N
938	M26	1	\N	\N
939	M27	1	\N	\N
941	M29	1	\N	\N
942	M30	1	\N	\N
943	M31	1	\N	\N
944	M32	1	\N	\N
945	M33	1	\N	\N
946	M34	1	\N	\N
947	N1	1	\N	\N
948	N2	1	\N	\N
949	N3	1	\N	\N
950	N4	1	\N	\N
951	N5	1	\N	\N
952	N6	1	\N	\N
953	N7	1	\N	\N
954	N8	1	\N	\N
955	N9	1	\N	\N
956	N10	1	\N	\N
957	N11	1	\N	\N
958	N12	1	\N	\N
959	N13	1	\N	\N
960	N14	1	\N	\N
961	N15	1	\N	\N
962	N16	1	\N	\N
963	N17	1	\N	\N
964	N18	1	\N	\N
965	N19	1	\N	\N
966	N20	1	\N	\N
967	N21	1	\N	\N
968	N22	1	\N	\N
969	N23	1	\N	\N
970	N24	1	\N	\N
971	N25	1	\N	\N
972	N26	1	\N	\N
973	N27	1	\N	\N
974	N28	1	\N	\N
975	N29	1	\N	\N
976	N30	1	\N	\N
977	N31	1	\N	\N
978	N32	1	\N	\N
979	N33	1	\N	\N
980	N34	1	\N	\N
981	Ñ1	1	\N	\N
982	Ñ2	1	\N	\N
983	Ñ3	1	\N	\N
984	Ñ4	1	\N	\N
985	Ñ5	1	\N	\N
986	Ñ6	1	\N	\N
987	Ñ7	1	\N	\N
988	Ñ8	1	\N	\N
989	Ñ9	1	\N	\N
990	Ñ10	1	\N	\N
991	Ñ11	1	\N	\N
992	Ñ12	1	\N	\N
993	Ñ13	1	\N	\N
994	Ñ14	1	\N	\N
995	Ñ15	1	\N	\N
996	Ñ16	1	\N	\N
997	Ñ17	1	\N	\N
998	Ñ18	1	\N	\N
999	Ñ19	1	\N	\N
1000	Ñ20	1	\N	\N
1001	Ñ21	1	\N	\N
1002	Ñ22	1	\N	\N
1003	Ñ23	1	\N	\N
1004	Ñ24	1	\N	\N
1005	Ñ25	1	\N	\N
1006	Ñ26	1	\N	\N
1007	Ñ27	1	\N	\N
1008	Ñ28	1	\N	\N
1009	Ñ29	1	\N	\N
1010	Ñ30	1	\N	\N
1011	Ñ31	1	\N	\N
1012	Ñ32	1	\N	\N
1013	Ñ33	1	\N	\N
1014	Ñ34	1	\N	\N
1015	O1	1	\N	\N
1016	O2	1	\N	\N
1017	O3	1	\N	\N
1018	O4	1	\N	\N
1019	O5	1	\N	\N
1020	O6	1	\N	\N
1021	O7	1	\N	\N
1022	O8	1	\N	\N
1023	O9	1	\N	\N
1024	O10	1	\N	\N
1025	O11	1	\N	\N
1026	O12	1	\N	\N
1027	O13	1	\N	\N
1028	O14	1	\N	\N
1029	O15	1	\N	\N
1030	O16	1	\N	\N
1031	O17	1	\N	\N
1032	O18	1	\N	\N
1033	O19	1	\N	\N
1034	O20	1	\N	\N
1035	O21	1	\N	\N
1036	O22	1	\N	\N
1037	O23	1	\N	\N
1038	O24	1	\N	\N
1039	O25	1	\N	\N
1040	O26	1	\N	\N
1041	O27	1	\N	\N
1042	O28	1	\N	\N
1043	O29	1	\N	\N
1044	O30	1	\N	\N
1045	O31	1	\N	\N
1046	O32	1	\N	\N
1047	O33	1	\N	\N
472	A2	1	766942.00	9963161.00
504	A34	1	766946.00	9995077.00
940	M28	1	780311.00	9989047.00
1048	O34	1	783653.00	9995076.00
\.


--
-- TOC entry 2138 (class 0 OID 16574)
-- Dependencies: 175
-- Data for Name: cuadrante_avenida; Type: TABLE DATA; Schema: public; Owner: postgres
--

COPY cuadrante_avenida (id_cuad_ave, id_cuadrante, id_avenida) FROM stdin;
1	869	4
2	869	5
3	869	6
4	869	7
5	869	8
6	869	9
7	869	10
8	869	11
9	869	12
10	869	13
11	869	14
12	869	15
13	869	16
14	869	17
15	869	18
16	869	19
17	869	20
18	869	21
19	869	22
20	869	23
21	582	24
22	582	25
23	582	26
24	582	27
25	582	28
26	582	29
27	582	30
28	840	31
29	473	32
30	473	33
31	473	34
32	473	35
33	473	36
34	474	37
35	474	38
36	474	39
37	474	40
38	474	41
39	474	42
40	474	43
41	474	44
42	474	45
43	474	46
44	474	47
45	474	48
46	474	49
47	474	50
48	474	51
49	474	52
50	474	53
51	474	54
52	474	55
53	474	56
54	474	57
55	474	58
56	474	59
57	474	60
58	474	61
59	474	62
60	474	63
61	474	64
62	474	65
63	474	66
64	474	67
65	474	68
66	474	69
67	474	70
68	474	71
69	474	72
70	474	73
71	474	74
72	474	75
73	474	76
74	474	77
75	474	78
76	474	79
77	474	80
78	475	81
79	475	82
80	475	83
81	475	84
82	475	85
83	475	86
84	475	87
85	475	88
86	475	89
87	475	90
88	475	91
89	475	92
90	475	93
91	475	94
92	475	95
93	475	96
94	475	97
95	475	98
96	475	99
97	475	100
98	475	101
99	475	102
100	475	103
101	475	104
102	475	105
103	475	106
104	475	107
105	475	108
106	475	109
107	475	110
108	475	111
109	475	69
110	475	57
111	475	78
112	475	67
113	475	65
114	475	56
115	475	55
116	475	49
117	476	112
118	476	113
119	476	114
120	476	115
121	476	116
122	476	117
123	476	118
124	476	119
125	476	120
126	476	121
127	476	122
128	476	123
129	476	124
130	476	125
131	476	126
132	476	127
133	476	128
134	476	129
135	476	130
136	476	111
137	476	110
138	476	103
139	476	112
140	476	40
141	476	47
142	476	53
143	478	131
144	478	132
145	478	133
146	478	134
147	478	135
148	478	136
149	478	137
150	478	138
151	478	139
152	478	140
153	478	141
154	478	142
155	478	143
156	478	144
157	478	145
158	478	146
159	478	147
160	478	148
161	478	149
162	478	150
163	478	151
164	478	153
165	478	154
166	477	155
167	477	156
168	477	157
169	477	158
170	477	159
171	477	160
172	477	161
173	477	162
174	477	163
175	477	164
176	477	165
177	477	166
178	477	168
179	477	169
180	477	132
181	477	41
182	477	143
183	477	138
184	477	111
185	477	110
186	477	134
187	479	170
188	479	171
189	479	172
190	479	173
191	479	174
192	479	175
193	479	178
194	479	179
195	479	180
196	479	181
197	479	182
198	479	183
199	479	184
200	479	185
201	479	186
202	479	189
203	479	190
204	479	191
205	479	192
206	479	193
207	479	194
208	479	195
209	479	196
210	479	198
211	479	199
212	479	200
213	479	201
214	479	146
215	479	113
216	479	111
217	480	202
218	480	203
219	480	204
220	480	205
221	480	206
222	480	207
223	480	208
224	480	209
225	480	210
226	480	211
227	480	212
228	480	213
229	480	214
230	480	215
231	480	216
232	480	217
233	480	218
234	480	219
235	480	220
236	480	221
237	480	154
238	480	165
239	480	178
240	480	180
241	480	181
242	480	182
243	480	183
244	480	184
245	480	195
246	480	198
247	481	222
248	481	183
249	481	184
250	481	185
251	481	205
252	506	224
253	507	225
254	507	226
255	507	227
256	507	228
257	507	229
258	507	230
259	507	231
260	507	232
261	507	233
262	507	234
263	507	235
264	507	236
265	507	237
266	507	238
267	507	239
268	507	240
269	507	241
270	507	242
271	507	243
272	507	244
273	507	245
274	507	246
275	507	247
276	507	248
277	507	249
278	507	250
279	507	251
280	507	252
281	507	253
282	507	254
283	507	59
284	507	37
285	507	62
286	507	74
287	507	75
288	508	255
289	508	256
290	508	257
291	508	258
292	508	259
293	508	260
294	508	261
295	508	262
296	508	263
297	508	264
298	508	266
299	508	246
300	508	245
301	508	74
302	508	225
303	508	247
304	508	241
305	508	240
306	508	243
307	508	228
308	508	248
309	508	80
310	508	67
311	509	267
312	509	268
313	509	269
314	509	270
315	509	271
316	509	272
317	509	273
318	509	274
319	509	275
320	509	276
321	509	278
322	509	279
323	509	280
324	509	281
325	509	282
326	509	283
327	509	284
328	509	285
329	509	286
330	509	245
331	509	246
332	509	74
333	509	62
334	509	262
335	509	228
336	509	258
337	509	248
338	509	255
339	509	80
340	510	287
341	510	288
342	510	289
343	510	290
344	510	291
345	510	292
346	510	293
347	510	294
348	510	295
349	510	296
350	510	297
351	510	298
352	510	299
353	510	300
354	510	301
355	510	302
356	510	303
357	510	304
358	510	305
359	510	306
360	510	307
361	510	308
362	510	67
363	510	112
364	510	114
365	510	122
366	510	124
367	510	127
368	510	129
369	510	155
370	510	156
371	510	255
372	510	257
373	510	276
374	510	283
375	511	309
376	511	310
377	511	311
378	511	312
379	511	313
380	511	314
381	511	315
382	511	316
383	511	317
384	511	318
385	511	319
386	511	320
387	511	321
388	511	322
389	511	323
390	511	324
391	511	325
392	511	326
393	511	327
394	511	328
395	511	329
396	511	330
397	511	331
398	511	332
399	511	333
400	511	334
401	511	335
402	511	336
403	511	46
404	511	52
405	511	117
406	511	118
407	511	156
408	511	157
409	511	158
410	511	160
411	511	161
412	511	164
413	511	166
414	511	297
415	512	337
416	512	338
417	512	339
418	512	340
419	512	341
420	512	342
421	512	343
422	512	344
423	512	345
424	512	346
425	512	347
426	512	348
427	512	349
428	512	350
429	512	351
430	512	352
431	512	353
432	512	354
433	512	355
434	512	356
435	512	357
436	512	323
437	512	46
438	513	358
439	513	359
440	513	360
441	513	361
442	513	362
443	513	363
444	513	364
445	513	365
446	513	366
447	513	367
448	513	368
449	513	40
450	513	159
451	513	171
452	513	199
453	513	323
454	513	344
455	514	369
456	514	370
457	514	371
458	514	372
459	514	373
460	514	374
461	514	375
462	514	376
463	514	378
464	514	379
465	514	380
466	514	381
467	515	382
468	515	383
469	515	384
470	515	385
471	515	386
472	515	387
473	515	388
474	515	389
475	515	390
476	515	391
477	515	392
478	515	393
479	515	394
480	515	395
481	515	396
482	515	397
483	515	398
484	515	399
485	515	400
486	515	401
487	515	402
488	515	223
489	515	151
490	515	103
491	515	154
492	515	177
493	515	221
494	515	178
495	515	194
496	515	192
497	515	180
498	515	182
499	515	184
500	516	403
501	516	404
502	516	405
503	516	406
504	516	407
505	516	408
506	516	409
507	516	410
508	516	411
509	516	412
510	516	413
511	516	414
512	516	415
513	516	416
514	516	417
515	516	418
516	516	419
517	516	420
518	516	421
519	516	422
520	516	423
521	516	165
522	516	194
523	516	195
524	516	196
525	516	197
526	517	424
527	517	425
528	517	426
529	517	427
530	517	428
531	517	429
532	517	430
533	517	431
534	517	432
535	517	195
536	517	196
537	517	418
538	540	433
539	541	434
540	541	435
541	541	436
542	541	437
543	541	438
544	541	439
545	541	440
546	541	441
547	541	442
548	541	443
549	541	444
550	541	445
551	541	446
552	541	447
553	541	448
554	541	449
555	541	450
556	541	24
557	541	60
558	541	61
559	541	63
560	541	233
561	541	234
562	541	254
563	541	260
564	541	261
565	541	285
566	541	286
567	541	433
568	542	451
569	542	452
570	542	453
571	542	454
572	542	455
573	542	456
574	542	457
575	542	458
576	542	459
577	542	460
578	542	24
579	542	27
580	542	57
581	542	58
582	542	78
583	542	79
584	542	82
585	542	255
586	542	260
587	542	261
588	542	286
589	542	433
590	542	437
591	542	438
592	542	436
593	542	441
594	542	442
595	542	443
596	542	446
597	543	461
598	543	462
599	543	463
600	543	464
601	543	465
602	543	466
603	543	467
604	543	468
605	543	469
606	543	24
607	543	27
608	543	78
609	543	86
610	543	91
611	543	94
612	543	105
613	543	106
614	543	107
615	543	112
616	543	114
617	543	119
618	543	260
619	543	276
620	543	453
621	543	444
622	543	468
623	544	470
624	544	471
625	544	472
626	544	473
627	544	474
628	544	475
629	544	476
630	544	477
631	544	478
632	544	479
633	544	480
634	544	481
635	544	27
636	544	114
637	544	125
638	544	126
639	544	127
640	544	129
641	544	130
642	544	265
643	544	285
644	544	286
645	544	303
646	544	464
647	544	465
648	544	467
649	544	444
650	545	482
651	545	483
652	545	484
653	545	485
654	545	486
655	545	156
656	545	158
657	545	308
658	545	328
659	545	442
660	545	445
661	545	462
662	545	465
663	545	467
664	545	327
665	545	163
666	545	164
667	545	166
668	546	487
669	546	488
670	546	489
671	546	490
672	546	491
673	546	492
674	546	493
675	546	494
676	546	495
677	546	496
678	546	497
679	546	498
680	546	499
681	546	500
682	546	501
683	546	502
684	546	503
685	546	504
686	546	505
687	546	506
688	546	507
689	546	508
690	546	509
691	546	131
692	546	133
693	546	168
694	546	169
695	546	171
696	546	179
697	546	187
698	546	480
699	546	481
700	547	510
701	547	511
702	547	512
703	547	513
704	547	514
705	547	515
706	547	260
707	547	187
708	547	504
709	547	467
710	547	200
711	547	246
712	548	516
713	548	517
714	548	518
715	548	519
716	548	520
717	548	521
718	548	522
719	548	523
720	548	524
721	548	525
722	548	526
723	548	470
724	549	527
725	549	528
726	549	529
727	549	530
728	549	531
729	549	532
730	549	533
731	549	534
732	549	535
733	549	536
734	549	537
735	549	538
736	549	539
737	549	540
738	549	541
739	549	542
740	549	543
741	549	544
742	549	545
743	549	546
744	549	547
745	549	375
746	549	382
747	549	470
748	549	518
749	549	524
750	550	548
751	550	549
752	550	550
753	550	551
754	550	552
755	550	553
756	550	554
757	550	555
758	550	556
759	550	557
760	550	558
761	550	559
762	550	560
763	550	561
764	551	562
765	551	563
766	551	564
767	551	565
768	551	566
769	551	567
770	551	568
771	551	569
772	551	570
773	551	571
774	551	572
775	551	573
776	551	574
777	551	575
778	551	576
779	551	577
780	551	578
781	551	579
782	551	580
783	551	581
784	551	582
785	552	583
786	552	584
787	552	585
788	552	586
789	552	587
790	552	588
791	552	589
792	552	590
793	552	102
794	552	104
795	552	109
796	552	113
797	552	195
798	552	398
799	574	591
800	574	592
801	574	593
802	574	594
803	574	595
804	574	596
805	574	597
806	574	598
807	574	599
808	574	13
809	574	37
810	574	36
811	574	99
812	574	230
813	574	231
814	574	235
815	574	469
816	575	591
817	575	592
818	575	593
819	575	594
820	575	595
821	575	596
822	575	597
823	575	598
824	575	599
825	575	600
826	575	601
827	575	602
828	575	603
829	575	61
830	575	250
831	575	252
832	575	253
833	575	254
834	575	439
835	575	447
836	576	604
837	576	605
838	576	606
839	576	607
840	576	608
841	576	609
842	576	13
843	576	57
844	576	63
845	576	459
846	576	468
847	576	469
848	576	593
849	576	594
850	577	610
851	577	611
852	577	612
853	577	613
854	577	614
855	577	615
856	577	616
857	577	617
858	577	618
859	577	619
860	577	520
861	577	521
862	577	522
863	578	623
864	578	624
865	578	625
866	578	626
867	578	627
868	578	628
869	578	7
870	578	124
871	578	295
872	578	303
873	578	304
874	578	600
875	578	606
876	579	631
877	579	632
878	579	633
879	579	634
880	579	156
881	579	166
882	579	168
883	579	325
884	579	495
885	579	600
886	579	605
887	580	635
888	580	636
889	580	637
890	580	638
891	580	639
892	580	640
893	580	641
894	580	642
895	580	643
896	580	644
897	580	131
898	580	189
899	580	368
900	580	434
901	580	468
902	580	489
903	580	501
904	580	510
905	580	601
906	581	645
907	581	646
908	581	647
909	581	648
910	581	649
911	581	650
912	581	651
913	581	652
914	581	653
915	581	654
916	581	655
917	581	656
918	581	512
919	581	515
920	581	487
921	583	657
922	583	658
923	583	659
924	583	660
925	583	661
926	583	662
927	583	663
928	583	664
929	583	665
930	583	666
931	583	667
932	583	668
933	583	669
934	583	670
935	583	671
936	583	672
937	583	673
938	583	674
939	583	675
940	583	487
941	584	676
942	584	677
943	584	678
944	584	679
945	584	680
946	584	681
947	584	682
948	584	689
949	584	690
950	584	691
951	584	692
952	584	693
953	584	694
954	584	695
955	584	696
956	584	697
957	584	698
958	584	699
959	584	470
960	584	670
961	585	700
962	585	701
963	585	702
964	585	703
965	585	704
966	585	705
967	585	706
968	585	707
969	585	708
970	585	709
971	585	710
972	585	711
973	585	712
974	585	713
975	585	714
976	585	715
977	585	716
978	585	717
979	585	718
980	585	719
981	585	569
982	586	720
983	586	721
984	586	722
985	586	723
986	586	724
987	586	725
988	586	713
989	587	726
990	587	727
991	587	728
992	587	729
993	587	730
994	587	731
995	587	732
996	587	733
997	587	725
998	588	734
999	588	735
1000	588	736
1001	588	102
1002	588	104
1003	588	109
1004	588	398
1005	588	402
1006	588	732
1007	608	737
1008	608	738
1009	608	739
1010	608	37
1011	608	439
1012	609	740
1013	609	741
1014	609	742
1015	609	743
1016	609	745
1017	609	746
1018	609	747
1019	609	748
1020	609	749
1021	609	439
1022	609	447
1023	609	450
1024	609	608
1025	609	737
1026	610	750
1027	610	751
1028	610	752
1029	610	753
1030	610	754
1031	610	755
1032	610	758
1033	610	759
1034	610	760
1035	610	594
1036	610	595
1037	610	596
1038	610	597
1039	610	748
1040	611	761
1041	611	762
1042	611	763
1043	611	764
1044	611	51
1045	611	306
1046	611	595
1047	611	596
1048	611	597
1049	611	598
1050	611	748
1051	611	750
1052	611	751
1053	611	752
1054	611	760
1055	612	765
1056	612	13
1057	612	122
1058	612	124
1059	612	128
1060	612	155
1061	612	304
1062	612	307
1063	612	308
1064	612	475
1065	612	598
1066	612	759
1067	612	761
1068	613	766
1069	613	767
1070	613	768
1071	613	769
1072	613	770
1073	613	150
1074	613	156
1075	613	325
1076	613	327
1077	613	598
1078	613	605
1079	613	754
1080	613	755
1081	614	771
1082	614	772
1083	614	773
1084	614	774
1085	614	775
1086	614	776
1087	614	777
1088	614	778
1089	614	779
1090	614	780
1091	614	781
1092	614	782
1093	614	783
1094	614	784
1095	614	149
1096	614	172
1097	614	179
1098	614	187
1099	614	189
1100	614	200
1101	614	368
1102	614	502
1103	614	506
1104	614	600
1105	614	628
1106	615	785
1107	615	786
1108	615	787
1109	615	788
1110	615	789
1111	615	790
1112	615	791
1113	615	792
1114	615	793
1115	615	794
1116	615	600
1117	615	795
1118	616	796
1119	616	797
1120	616	798
1121	616	799
1122	616	800
1123	616	801
1124	616	802
1125	616	669
1126	617	803
1127	617	804
1128	617	805
1129	617	806
1130	617	807
1131	617	808
1132	617	809
1133	617	810
1134	617	811
1135	617	812
1136	617	813
1137	617	814
1138	617	815
1139	617	462
1140	617	669
1141	618	816
1142	618	817
1143	618	818
1144	618	819
1145	618	820
1146	618	821
1147	618	822
1148	618	823
1149	618	824
1150	618	825
1151	618	826
1152	618	827
1153	618	828
1154	618	829
1155	618	462
1156	618	669
1157	619	830
1158	619	831
1159	619	832
1160	619	833
1161	619	834
1162	619	835
1163	619	837
1164	619	838
1165	619	839
1166	619	689
1167	619	695
1168	619	713
1169	619	816
1170	619	827
1171	620	840
1172	620	841
1173	620	842
1174	620	843
1175	620	845
1176	620	846
1177	620	847
1178	620	848
1179	620	849
1180	620	470
1181	621	850
1182	621	851
1183	621	852
1184	621	853
1185	621	854
1186	621	855
1187	621	856
1188	621	857
1189	621	858
1190	621	859
1191	621	860
1192	621	861
1193	621	862
1194	621	863
1195	621	864
1196	622	865
1197	622	866
1198	622	867
1199	622	868
1200	622	869
1201	622	870
1202	622	871
1203	642	872
1204	642	873
1205	642	874
1206	642	875
1207	642	876
1208	642	877
1209	642	878
1210	643	879
1211	643	880
1212	643	881
1213	643	882
1214	643	883
1215	643	884
1216	643	885
1217	643	63
1218	643	251
1219	643	439
1220	643	450
1221	644	886
1222	644	887
1223	644	888
1224	644	889
1225	644	890
1226	644	57
1227	644	58
1228	644	79
1229	644	737
1230	644	744
1231	645	891
1232	645	892
1233	645	893
1234	645	894
1235	645	895
1236	645	896
1237	645	77
1238	645	86
1239	645	115
1240	645	125
1241	645	288
1242	645	757
1243	645	876
1244	646	897
1245	646	898
1246	646	899
1247	646	900
1248	646	901
1249	646	902
1250	646	903
1251	646	306
1252	646	419
1253	646	474
1254	646	741
1255	646	757
1256	646	849
1257	647	904
1258	647	905
1259	647	906
1260	647	145
1261	647	158
1262	647	164
1263	647	166
1264	647	740
1265	647	742
1266	647	878
1267	647	879
1268	647	880
1269	648	907
1270	648	908
1271	648	909
1272	648	910
1273	648	911
1274	648	171
1275	648	189
1276	648	506
1277	648	508
1278	648	740
1279	648	747
1280	648	753
1281	648	778
1282	648	782
1283	649	911
1284	649	912
1285	649	913
1286	649	914
1287	649	915
1288	649	916
1289	649	917
1290	649	918
1291	649	919
1292	649	920
1293	649	921
1294	649	922
1295	649	923
1296	649	924
1297	649	925
1298	649	411
1299	649	514
1300	649	515
1301	649	655
1302	649	741
1303	649	795
1304	650	926
1305	650	927
1306	650	928
1307	650	929
1308	650	930
1309	650	931
1310	650	932
1311	650	933
1312	650	934
1313	650	935
1314	650	936
1315	650	937
1316	650	938
1317	650	939
1318	650	940
1319	650	941
1320	650	942
1321	650	943
1322	650	944
1323	650	7
1324	650	13
1325	650	430
1326	650	757
1327	650	893
1328	651	945
1329	651	946
1330	651	948
1331	651	949
1332	651	950
1333	651	951
1334	651	952
1335	651	953
1336	651	954
1337	651	955
1338	651	956
1339	651	957
1340	651	958
1341	651	959
1342	651	600
1343	651	927
1344	652	960
1345	652	961
1346	652	962
1347	652	963
1348	652	964
1349	652	965
1350	652	966
1351	652	967
1352	652	968
1353	652	969
1354	652	970
1355	652	971
1356	652	972
1357	652	973
1358	652	974
1359	652	462
1360	652	600
1361	652	805
1362	653	975
1363	653	976
1364	653	978
1365	653	979
1366	653	980
1367	653	981
1368	653	982
1369	653	983
1370	653	984
1371	653	985
1372	653	986
1373	653	987
1374	653	988
1375	653	989
1376	653	462
1377	653	600
1378	654	990
1379	654	991
1380	654	992
1381	654	993
1382	654	994
1383	654	995
1384	654	996
1385	654	997
1386	654	998
1387	654	999
1388	654	1000
1389	654	1001
1390	654	1002
1391	654	1003
1392	654	1004
1393	654	462
1394	654	840
1395	655	1005
1396	655	1006
1397	655	1007
1398	655	1008
1399	655	1009
1400	655	1010
1401	655	1011
1402	655	1012
1403	655	1013
1404	655	1014
1405	655	1015
1406	655	1016
1407	655	1017
1408	655	1018
1409	655	1019
1410	655	861
1411	656	1020
1412	656	1021
1413	656	1022
1414	656	1023
1415	656	1024
1416	656	1025
1417	656	1026
1418	656	1027
1419	656	1028
1420	656	1029
1421	657	1030
1422	657	1031
1423	657	1032
1424	657	1033
1425	657	1034
1426	657	1035
1427	657	1036
1428	657	1037
1429	657	1038
1430	657	1039
1431	658	1040
1432	658	1041
1433	658	1042
1434	658	1043
1435	658	1044
1436	658	1045
1437	658	1046
1438	658	1047
1439	659	1048
1440	659	1049
1441	659	1050
1442	659	1051
1443	659	1052
1444	659	1053
1445	659	1054
1446	679	1055
1447	679	1056
1448	679	1057
1449	679	1058
1450	679	879
1451	679	878
1452	679	874
1453	679	277
1454	679	276
1455	680	1059
1456	680	1060
1457	680	1061
1458	680	1062
1459	680	874
1460	680	879
1461	680	905
1462	681	1063
1463	681	1064
1464	681	150
1465	681	167
1466	681	164
1467	681	878
1468	681	880
1469	681	906
1470	682	1065
1471	682	1066
1472	682	1067
1473	682	1068
1474	682	1069
1475	682	1070
1476	682	1071
1477	682	1072
1478	682	1073
1479	682	1074
1480	682	1075
1481	682	507
1482	682	508
1483	682	774
1484	682	778
1485	683	1076
1486	683	1077
1487	683	1078
1488	683	1080
1489	683	1081
1490	683	1082
1491	683	1083
1492	683	1084
1493	683	403
1494	683	515
1495	683	872
1496	683	910
1497	683	913
1498	683	939
1499	684	1085
1500	684	1086
1501	684	1087
1502	684	1088
1503	684	1089
1504	684	1090
1505	684	1091
1506	684	1092
1507	684	1093
1508	684	1094
1509	684	1095
1510	684	795
1511	684	946
1512	685	1095
1513	685	1096
1514	685	1097
1515	685	1098
1516	685	1099
1517	685	1100
1518	685	1101
1519	685	1102
1520	685	1103
1521	685	1104
1522	685	1105
1523	686	1106
1524	686	1107
1525	686	1108
1526	686	1109
1527	686	1110
1528	686	1111
1529	686	1112
1530	686	1113
1531	686	1114
1532	686	1115
1533	686	1116
1534	686	1117
1535	686	1118
1536	686	1119
1537	687	1120
1538	687	1121
1539	687	1122
1540	687	1123
1541	687	1124
1542	687	1125
1543	687	1126
1544	687	1127
1545	687	1128
1546	687	1129
1547	687	1130
1548	687	1131
1549	687	1132
1550	687	1133
1551	687	1134
1552	687	1135
1553	688	1136
1554	688	1137
1555	688	1138
1556	688	1139
1557	688	1140
1558	688	1141
1559	688	1142
1560	688	1143
1561	688	1144
1562	688	1145
1563	688	1146
1564	688	1147
1565	688	1148
1566	688	1149
1567	688	600
1568	688	1134
1569	689	1150
1570	689	1151
1571	689	1152
1572	689	1153
1573	689	1154
1574	689	1155
1575	689	1156
1576	689	1157
1577	689	1158
1578	689	1159
1579	689	1005
1580	690	1160
1581	690	1161
1582	690	1162
1583	690	1163
1584	690	1164
1585	690	1165
1586	690	1166
1587	690	1167
1588	690	1168
1589	690	1169
1590	690	1170
1591	690	1171
1592	690	1172
1593	690	1173
1594	690	1174
1595	690	470
1596	691	1175
1597	691	1176
1598	691	1177
1599	691	1178
1600	691	1179
1601	691	1180
1602	691	1181
1603	691	1182
1604	691	1183
1605	691	1184
1606	691	1185
1607	691	1186
1608	691	1187
1609	691	1188
1610	691	1189
1611	692	1190
1612	692	1192
1613	692	1193
1614	692	1194
1615	692	1195
1616	692	1196
1617	692	1197
1618	692	1198
1619	692	1199
1620	693	1200
1621	693	1201
1622	693	1202
1623	693	1203
1624	693	1204
1625	693	1205
1626	693	1206
1627	693	1207
1628	693	1048
1629	695	1208
1630	695	1209
1631	695	1210
1632	695	1211
1633	695	1212
1634	695	111
1635	695	418
1636	717	1213
1637	717	1214
1638	717	1215
1639	718	1216
1640	718	1217
1641	718	1218
1642	718	1219
1643	718	1220
1644	718	1221
1645	718	1222
1646	718	1223
1647	718	1224
1648	718	1225
1649	718	1226
1650	718	1227
1651	718	1228
1652	718	1229
1653	718	432
1654	718	1062
1655	719	1230
1656	719	1231
1657	719	1232
1658	719	1233
1659	719	1234
1660	719	1235
1661	719	1236
1662	719	1237
1663	719	1238
1664	719	1239
1665	719	795
1666	720	1240
1667	720	1241
1668	720	1242
1669	720	1243
1670	720	1244
1671	720	1245
1672	720	1246
1673	720	1247
1674	720	1248
1675	720	1249
1676	721	1250
1677	721	1251
1678	721	1252
1679	721	1253
1680	721	1254
1681	721	1255
1682	721	1256
1683	721	1257
1684	721	1258
1685	721	1259
1686	722	1260
1687	722	1261
1688	722	1262
1689	722	1263
1690	722	1264
1691	722	1265
1692	722	1266
1693	722	1267
1694	722	1268
1695	722	1269
1696	723	1270
1697	723	1271
1698	723	1272
1699	723	1273
1700	723	1274
1701	723	1275
1702	723	1276
1703	723	1277
1704	723	1278
1705	723	1279
1706	723	1263
1707	723	1141
1708	724	1280
1709	724	1281
1710	724	1282
1711	724	1283
1712	724	1284
1713	724	1285
1714	724	1286
1715	724	1287
1716	724	1288
1717	724	1289
1718	725	1290
1719	725	1291
1720	725	1292
1721	725	1293
1722	725	1294
1723	725	1295
1724	725	1296
1725	725	1297
1726	725	1298
1727	725	1299
1728	725	1187
1729	726	1300
1730	726	1301
1731	726	1302
1732	726	1303
1733	726	1304
1734	726	1305
1735	726	1306
1736	726	1307
1737	726	1308
1738	726	1309
1739	727	1310
1740	727	1311
1741	727	1312
1742	727	1313
1743	727	1314
1744	727	1315
1745	727	1316
1746	727	1317
1747	727	1318
1748	727	1319
1749	727	470
1750	728	1321
1751	728	1322
1752	728	1323
1753	728	1324
1754	728	1325
1755	728	1326
1756	728	1327
1757	728	1328
1758	728	1329
1759	728	470
1760	729	1330
1761	729	1331
1762	729	1332
1763	729	1333
1764	729	1334
1765	729	1335
1766	729	1336
1767	729	1337
1768	729	1338
1769	729	1339
1770	730	1340
1771	730	1341
1772	730	1342
1773	730	1343
1774	730	1344
1775	730	1345
1776	730	1346
1777	730	1347
1778	730	1348
1779	730	1349
1780	730	1335
1781	732	1350
1782	732	1351
1783	732	102
1784	732	103
1785	732	110
1786	732	111
1787	732	154
1788	732	203
1789	733	1352
1790	733	1353
1791	733	1354
1792	733	1355
1793	733	1356
1794	733	1357
1795	733	1358
1796	734	1359
1797	734	1360
1798	734	1361
1799	734	1362
1800	734	1363
1801	734	1364
1802	734	1365
1803	734	1366
1804	734	1367
1805	734	1368
1806	734	1369
1807	734	1370
1808	735	1371
1809	735	1372
1810	735	1373
1811	735	1374
1812	735	1375
1813	735	1376
1814	735	1377
1815	735	1378
1816	735	1379
1817	735	1380
1818	735	1381
1819	735	1382
1820	735	1383
1821	735	1384
1822	736	1385
1823	736	1386
1824	736	1387
1825	736	1388
1826	736	1389
1827	736	1390
1828	737	1391
1829	737	1392
1830	737	1393
1831	737	1394
1832	737	1395
1833	737	1396
1834	737	1397
1835	737	1398
1836	737	1399
1837	737	1400
1838	737	1401
1839	737	1402
1840	737	1403
1841	737	1404
1842	737	1405
1843	738	1406
1844	738	1407
1845	738	1408
1846	738	1409
1847	738	1410
1848	738	1411
1849	738	1412
1850	738	1413
1851	738	1414
1852	739	1415
1853	739	1416
1854	739	1417
1855	739	1418
1856	739	1419
1857	739	1420
1858	739	1421
1859	739	1422
1860	739	1423
1861	739	1424
1862	739	1425
1863	739	1426
1864	739	1427
1865	739	1428
1866	739	1429
1867	740	1430
1868	740	1431
1869	740	1432
1870	740	1433
1871	740	1435
1872	740	1436
1873	740	1437
1874	740	1438
1875	740	1439
1876	789	1440
1877	789	1441
1878	789	1442
1879	789	1443
1880	789	1444
1881	789	1445
1882	789	1446
1883	789	1447
1884	789	1448
1885	789	1449
1886	789	795
1887	790	1450
1888	790	1451
1889	790	1452
1890	790	1453
1891	790	1454
1892	790	1455
1893	790	1456
1894	790	1457
1895	790	1458
1896	790	1459
1897	790	1460
1898	790	1461
1899	790	1462
1900	790	1463
1901	790	1464
1902	790	795
1903	791	1465
1904	791	1466
1905	791	1467
1906	791	1468
1907	791	1469
1908	791	1470
1909	791	1471
1910	791	1472
1911	791	1473
1912	791	1474
1913	791	1450
1914	792	1475
1915	792	1476
1916	792	1477
1917	792	1478
1918	792	1479
1919	792	1480
1920	792	1481
1921	792	1482
1922	792	1483
1923	792	1484
1924	793	1485
1925	793	1486
1926	793	1487
1927	793	1488
1928	793	1489
1929	793	1490
1930	793	1491
1931	793	1492
1932	793	1493
1933	793	1494
1934	794	1495
1935	794	1496
1936	794	1497
1937	794	1498
1938	794	1499
1939	794	1500
1940	794	1501
1941	794	1502
1942	794	1503
1943	794	1504
1944	794	1505
1945	795	1506
1946	795	1507
1947	795	1508
1948	795	1509
1949	795	1510
1950	795	1511
1951	795	1512
1952	795	1513
1953	795	1514
1954	795	1515
1955	795	1498
1956	796	1516
1957	796	1517
1958	796	1518
1959	796	1519
1960	796	1520
1961	796	1521
1962	796	1522
1963	796	1523
1964	796	1524
1965	796	1525
1966	796	1321
1967	796	1498
1968	797	1526
1969	797	1527
1970	797	1528
1971	797	1529
1972	797	1530
1973	797	1531
1974	797	1532
1975	797	1533
1976	797	1534
1977	797	1535
1978	797	470
1979	798	1536
1980	798	1537
1981	798	1538
1982	798	1539
1983	798	1540
1984	798	1541
1985	798	1542
1986	798	470
1987	799	1543
1988	799	1544
1989	799	1545
1990	799	1546
1991	799	1547
1992	799	1548
1993	800	1549
1994	800	1550
1995	800	1551
1996	800	1552
1997	800	1553
1998	800	1554
1999	800	1555
2000	800	1556
2001	800	1557
2002	801	1558
2003	801	1559
2004	801	1560
2005	801	1561
2006	801	1562
2007	801	1563
2008	801	1564
2009	801	1565
2010	801	1566
2011	801	1567
2012	802	1568
2013	802	1569
2014	802	1570
2015	802	1571
2016	802	1572
2017	802	1573
2018	802	1574
2019	802	1575
2020	802	1576
2021	802	1577
2022	803	1578
2023	803	1579
2024	803	1580
2025	803	1581
2026	803	1582
2027	803	1583
2028	803	1584
2029	803	1585
2030	803	1586
2031	803	1587
2032	803	470
2033	804	1588
2034	804	1589
2035	804	1590
2036	804	1591
2037	804	1592
2038	804	1593
2039	804	1594
2040	804	1595
2041	804	1596
2042	804	1597
2043	804	1598
2044	804	1599
2045	804	470
2046	805	1600
2047	805	1601
2048	805	1602
2049	805	1603
2050	805	1604
2051	805	1605
2052	805	1606
2053	805	1607
2054	805	1608
2055	805	1609
2056	805	470
2057	806	1610
2058	806	1611
2059	806	1612
2060	806	1613
2061	806	1614
2062	806	1615
2063	806	1616
2064	806	1617
2065	806	1618
2066	806	1619
2067	807	1620
2068	807	1621
2069	807	1622
2070	807	1623
2071	807	1624
2072	807	1625
2073	807	1626
2074	807	1627
2075	807	1628
2076	807	1629
2077	808	1630
2078	808	1631
2079	808	1632
2080	808	1633
2081	808	1634
2082	808	1635
2083	808	1636
2084	808	1637
2085	809	1638
2086	809	1639
2087	809	1640
2088	809	1641
2089	823	1642
2090	823	1643
2091	823	1644
2092	823	1645
2093	823	1646
2094	823	1647
2095	823	1648
2096	823	1649
2097	824	1650
2098	824	1651
2099	824	1652
2100	824	1653
2101	824	1654
2102	824	1655
2103	824	1657
2104	824	1658
2105	824	1659
2106	824	1642
2107	825	1660
2108	825	1661
2109	825	1662
2110	825	1663
2111	825	1664
2112	825	1665
2113	825	1666
2114	825	1667
2115	825	1668
2116	825	1669
2117	826	1670
2118	826	1671
2119	826	1672
2120	826	1673
2121	826	1674
2122	826	1675
2123	826	1676
2124	826	1677
2125	826	1678
2126	826	1679
2127	827	1680
2128	827	1681
2129	827	1682
2130	827	1683
2131	827	1684
2132	827	1685
2133	827	1686
2134	827	1687
2135	827	1688
2136	827	1689
2137	827	1476
2138	828	1690
2139	828	1691
2140	828	1692
2141	828	1693
2142	828	1694
2143	828	1695
2144	828	1696
2145	828	1697
2146	828	1698
2147	828	1699
2148	828	1476
2149	829	1700
2150	829	1701
2151	829	1702
2152	829	1703
2153	829	1704
2154	829	1705
2155	829	1706
2156	829	1707
2157	829	1708
2158	829	1709
2159	830	1710
2160	830	1711
2161	830	1712
2162	830	1713
2163	830	1714
2164	830	1715
2165	830	1716
2166	830	1717
2167	830	1718
2168	830	1719
2169	830	1495
2170	831	1720
2171	831	1721
2172	831	1722
2173	831	1723
2174	831	1724
2175	831	1725
2176	831	1726
2177	831	1727
2178	831	1728
2179	831	1729
2180	831	1495
2181	831	1498
2182	832	1730
2183	832	1731
2184	832	1732
2185	832	1733
2186	832	1734
2187	832	1735
2188	832	1736
2189	832	1737
2190	832	1738
2191	832	1739
2192	832	1495
2193	833	1740
2194	833	1741
2195	833	1742
2196	833	1743
2197	833	1744
2198	833	1745
2199	833	1746
2200	833	1747
2201	833	1748
2202	833	1749
2203	834	1750
2204	834	1751
2205	834	1752
2206	834	1753
2207	834	1754
2208	834	1755
2209	834	1756
2210	834	1757
2211	834	1758
2212	834	1759
2213	834	470
2214	834	1740
2215	835	1760
2216	835	1761
2217	835	1762
2218	835	1763
2219	835	1764
2220	835	1765
2221	835	1766
2222	835	1767
2223	835	1768
2224	835	1769
2225	835	1740
2226	836	1771
2227	836	1772
2228	836	1773
2229	836	1774
2230	836	1775
2231	836	1776
2232	836	1777
2233	836	1778
2234	836	1779
2235	836	1780
2236	837	1781
2237	837	1782
2238	837	1783
2239	837	1784
2240	837	1785
2241	837	1786
2242	837	1787
2243	837	1788
2244	837	1789
2245	837	1770
2246	838	1790
2247	838	1791
2248	838	1792
2249	838	1793
2250	838	1794
2251	838	1795
2252	838	1796
2253	838	1797
2254	838	1799
2255	838	1770
2256	839	1800
2257	839	1801
2258	839	1802
2259	839	1803
2260	839	1804
2261	839	1805
2262	839	1806
2263	839	1807
2264	839	1808
2265	839	1809
2266	840	1810
2267	840	1811
2268	840	1812
2269	840	1813
2270	840	1814
2271	840	1815
2272	840	1816
2273	840	1817
2274	840	1818
2275	840	1819
2276	840	1770
2277	886	1820
2278	886	1821
2279	886	1823
2280	887	1824
2281	887	1825
2282	887	1826
2283	887	1827
2284	887	1828
2285	887	1829
2286	887	1830
2287	887	1831
2288	887	1832
2289	887	1833
2290	887	1834
2291	888	1835
2292	888	1836
2293	888	1837
2294	894	1838
2295	894	1839
2296	894	1840
2297	894	1841
2298	894	1842
2299	894	1843
2300	894	1844
2301	894	1845
2302	894	1846
2303	894	1847
2304	894	1848
2305	894	1849
2306	894	1850
2307	895	1851
2308	895	1852
2309	895	1853
2310	895	1854
2311	897	1855
2312	897	1856
2313	897	1857
2314	897	1858
2315	897	1859
2316	898	1860
2317	898	1861
2318	898	1862
2319	898	1863
2320	898	1864
2321	898	1865
2322	899	1866
2323	899	1867
2324	899	1868
2325	899	1869
2326	899	1870
2327	899	1871
2328	899	1872
2329	899	1873
2330	899	1874
2331	899	1875
2332	899	1876
2333	899	1877
2334	899	1878
2335	899	1879
2336	899	1711
2337	900	1880
2338	900	1881
2339	900	1882
2340	900	1883
2341	900	1884
2342	900	1885
2343	900	1886
2344	900	1887
2345	900	1888
2346	900	1889
2347	900	1711
2348	900	1690
2349	901	1891
2350	901	1892
2351	901	1893
2352	901	1894
2353	901	1894
2354	901	1895
2355	901	1896
2356	901	1897
2357	901	1898
2358	901	1899
2359	901	1711
2360	901	1690
2361	902	1900
2362	902	1901
2363	902	1902
2364	902	1903
2365	902	1904
2366	902	1905
2367	902	1906
2368	902	1907
2369	902	1908
2370	902	1909
2371	902	1690
2372	903	1910
2373	903	1911
2374	903	1912
2375	903	1913
2376	903	1914
2377	903	1915
2378	903	1916
2379	903	1917
2380	903	1918
2381	903	1919
2382	903	1690
2383	904	1920
2384	904	1921
2385	904	1922
2386	904	1923
2387	904	1924
2388	904	1925
2389	904	1926
2390	904	1927
2391	904	1928
2392	904	1929
2393	904	1690
2394	905	1930
2395	905	1931
2396	905	1932
2397	905	1933
2398	905	1934
2399	905	1935
2400	905	1936
2401	905	1937
2402	905	1938
2403	905	1939
2404	905	1690
2405	906	1940
2406	906	1941
2407	906	1942
2408	906	1943
2409	906	1944
2410	906	1945
2411	906	1946
2412	906	1947
2413	906	1948
2414	906	1949
2415	906	1690
2416	906	1711
2417	906	740
2418	907	1950
2419	907	1951
2420	907	1952
2421	907	1953
2422	907	1954
2423	907	13
2424	907	741
2425	907	1711
2426	908	1955
2427	908	1956
2428	908	1957
2429	908	1958
2430	908	1959
2431	908	1960
2432	908	1961
2433	908	1962
2434	908	1963
2435	908	1964
2436	908	1711
2437	909	1965
2438	909	1966
2439	909	1967
2440	909	1968
2441	909	1969
2442	909	1970
2443	909	1971
2444	909	1972
2445	909	1973
2446	909	1800
2447	910	1974
2448	910	1975
2449	910	1976
2450	910	1977
2451	910	1978
2452	910	1979
2453	910	1980
2454	910	1981
2455	910	1982
2456	910	1983
2457	910	1984
2458	911	1985
2459	911	1986
2460	911	1987
2461	911	1988
2462	911	1989
2463	911	1990
2464	911	1991
2465	911	1992
2466	911	1993
2467	911	1994
2468	911	1641
2469	911	496
2470	912	1995
2471	912	1996
2472	912	1997
2473	912	1998
2474	912	1999
2475	912	2000
2476	912	2001
2477	912	2002
2478	912	2003
2479	912	2004
2480	912	2005
2481	853	2006
2482	853	2007
2483	853	1187
2484	853	1820
2485	857	2007
2486	857	2008
2487	857	2009
2488	857	2010
2489	857	2011
2490	857	2012
2491	857	2013
2492	857	2014
2493	857	1477
2494	858	2015
2495	858	2016
2496	858	2017
2497	858	2018
2498	858	2019
2499	858	2020
2500	858	2021
2501	858	2022
2502	858	2023
2503	858	2024
2504	858	1477
2505	859	2025
2506	859	2026
2507	859	2027
2508	859	2028
2509	859	2029
2510	859	2030
2511	859	2031
2512	859	2032
2513	859	2033
2514	859	2034
2515	859	2035
2516	859	795
2517	860	2036
2518	860	2037
2519	860	2038
2520	860	2039
2521	860	2040
2522	860	2041
2523	860	2042
2524	860	2043
2525	860	2044
2526	860	2045
2527	860	2046
2528	861	2047
2529	861	2048
2530	861	2049
2531	861	2050
2532	861	2051
2533	861	2052
2534	861	2053
2535	861	2054
2536	862	2055
2537	862	2056
2538	862	2057
2539	862	2058
2540	862	2059
2541	862	2060
2542	862	2061
2543	862	2062
2544	862	2063
2545	862	2064
2546	863	2065
2547	863	2066
2548	863	2067
2549	863	2068
2550	863	2069
2551	863	2070
2552	863	2071
2553	863	2072
2554	863	2073
2555	863	2074
2556	863	1693
2557	863	1709
2558	864	2075
2559	864	2076
2560	864	2077
2561	864	2078
2562	864	2079
2563	864	2080
2564	864	2081
2565	864	2082
2566	864	2083
2567	864	2084
2568	864	1690
2569	865	2085
2570	865	2086
2571	865	2087
2572	865	2088
2573	865	2089
2574	865	2090
2575	865	2091
2576	865	2092
2577	865	2093
2578	865	2094
2579	865	1730
2580	865	1700
2581	865	1890
2582	866	2095
2583	866	2096
2584	866	2097
2585	866	2098
2586	866	2099
2587	866	2100
2588	866	2101
2589	866	2102
2590	866	2103
2591	866	2104
2592	866	1731
2593	867	2105
2594	867	2106
2595	867	2107
2596	867	2108
2597	867	2109
2598	867	2110
2599	867	2111
2600	867	2112
2601	867	2113
2602	867	2114
2603	867	1700
2604	867	1770
2605	868	2115
2606	868	2116
2607	868	2117
2608	868	2118
2609	868	2119
2610	868	2120
2611	868	2121
2612	868	2122
2613	868	2123
2614	868	2124
2615	868	1495
2616	868	1700
2617	868	1892
2618	868	1900
2619	868	1955
2620	870	2125
2621	870	2126
2622	870	2127
2623	870	2128
2624	870	2129
2625	870	2130
2626	870	2131
2627	870	2132
2628	870	2133
2629	870	2134
2630	870	1955
2631	871	2135
2632	871	2136
2633	871	2137
2634	871	2138
2635	871	2139
2636	871	2140
2637	871	2141
2638	871	2142
2639	871	2143
2640	871	2144
2641	871	1955
2642	872	2145
2643	872	2146
2644	872	2147
2645	872	2148
2646	872	2149
2647	872	2150
2648	872	2151
2649	872	2152
2650	872	2153
2651	872	2154
2652	872	2155
2653	873	2156
2654	873	2157
2655	873	2158
2656	873	2159
2657	873	2160
2658	873	2161
2659	873	2162
2660	873	2163
2661	873	2164
2662	874	2165
2663	874	2166
2664	874	2167
2665	874	446
2666	874	467
2667	874	1404
2668	874	1407
2669	874	1620
2670	875	2168
2671	875	2169
2672	875	2170
2673	875	2171
2674	875	2172
2675	875	2173
2676	875	2174
2677	875	2175
2678	875	2176
2679	875	2177
2680	875	470
2681	875	1410
2682	875	1800
2683	877	2178
2684	877	2179
2685	877	2180
2686	877	2181
2687	877	2182
2688	877	2183
2689	877	442
2690	877	2001
2691	933	2184
2692	933	2185
2693	933	2186
2694	934	2187
2695	934	2188
2696	934	2189
2697	935	2190
2698	935	2191
2699	935	2192
2700	935	2193
2701	935	2194
2702	935	2195
2703	935	2196
2704	935	2197
2705	935	2198
2706	935	2199
2707	935	1891
2708	936	2200
2709	936	2201
2710	936	2202
2711	936	2203
2712	936	2204
2713	936	2205
2714	936	2206
2715	936	2207
2716	936	2208
2717	936	2209
2718	936	1711
2719	937	2210
2720	937	2211
2721	937	2212
2722	937	2213
2723	937	2214
2724	937	2215
2725	937	2216
2726	937	2217
2727	937	2218
2728	937	2219
2729	937	1900
2730	938	2220
2731	938	2221
2732	938	2222
2733	938	2223
2734	938	2224
2735	938	2225
2736	938	2226
2737	938	2227
2738	938	2228
2739	938	2229
2740	938	1711
2741	939	2230
2742	939	2231
2743	939	2232
2744	939	2233
2745	939	2234
2746	939	2235
2747	939	2236
2748	939	2237
2749	939	2238
2750	939	2239
2751	940	2240
2752	940	2241
2753	940	2242
2754	940	2243
2755	940	2244
2756	940	2245
2757	940	2246
2758	940	2247
2759	940	2248
2760	940	2249
2761	940	2250
2762	940	2251
2763	940	2252
2764	940	2253
2765	940	2254
2766	940	2255
2767	941	2256
2768	941	2257
2769	941	2258
2770	941	2259
2771	941	2260
2772	941	2261
2773	941	2262
2774	941	2263
2775	941	2264
2776	942	2265
2777	942	2266
2778	942	2267
2779	942	2268
2780	942	2269
2781	942	1410
2782	942	1711
2783	943	2270
2784	943	2271
2785	943	2272
2786	943	2273
2787	943	2274
2788	943	1420
2789	943	1421
2790	943	1969
2791	943	2173
2792	944	2275
2793	944	2276
2794	944	2277
2795	944	2278
2796	944	2279
2797	944	2280
2798	944	2281
2799	944	2282
2800	944	2283
2801	944	2284
2802	945	2285
2803	945	2286
2804	945	2287
2805	945	598
2806	945	1635
2807	945	1636
2808	945	1990
2809	945	2001
2810	946	2288
2811	946	2289
2812	946	2290
2813	946	2291
2814	970	2292
2815	970	2291
2816	970	2292
2817	970	2293
2818	970	2294
2819	970	2295
2820	970	2296
2821	970	2297
2822	970	2298
2823	970	2299
2824	971	2300
2825	971	2301
2826	971	2302
2827	971	2303
2828	971	2304
2829	971	2305
2830	971	2306
2831	971	2307
2832	971	2308
2833	971	2309
2834	972	2310
2835	972	2311
2836	972	2312
2837	972	2313
2838	972	2314
2839	972	2315
2840	972	2316
2841	972	2317
2842	972	2318
2843	972	2319
2844	973	2320
2845	973	2321
2846	973	2322
2847	973	2323
2848	973	2324
2849	973	2325
2850	973	2326
2851	973	2327
2852	973	2328
2853	973	2329
2854	974	2330
2855	974	2331
2856	974	2332
2857	974	2333
2858	974	2334
2859	974	2335
2860	974	2336
2861	974	2337
2862	975	2338
2863	975	2339
2864	975	2340
2865	975	2341
2866	975	2342
2867	975	2343
2868	975	2344
2869	975	2345
2870	975	2346
2871	975	2347
2872	975	2348
2873	975	2349
2874	976	2350
2875	976	2351
2876	976	2352
2877	976	2353
2878	976	2354
2879	976	2355
2880	976	2356
2881	976	2357
2882	976	2358
2883	976	2359
2884	977	2360
2885	977	2361
2886	977	2362
2887	977	2363
2888	977	2364
2889	977	2365
2890	977	2366
2891	977	2367
2892	977	2368
2893	977	2369
2894	977	876
2895	977	1967
2896	977	2327
2897	977	2357
2898	978	2370
2899	978	2371
2900	978	1056
2901	978	1062
2902	978	1623
2903	978	1637
2904	979	2373
2905	979	1225
2906	979	1636
2907	979	2001
2908	979	2180
2909	979	2181
2910	979	2361
2911	980	2374
2912	980	2375
2913	1004	2374
2914	1004	2375
2915	1004	2376
2916	1004	2377
2917	1004	2378
2918	1004	2379
2919	1004	2380
2920	1004	2381
2921	1004	2292
2922	1005	2383
2923	1005	2383
2924	1005	2384
2925	1005	2385
2926	1005	2386
2927	1005	2387
2928	1006	2388
2929	1007	2389
2930	1007	2390
2931	1007	2391
2932	1007	2392
2933	1007	2393
2934	1007	2394
2935	1007	2395
2936	1007	2396
2937	1008	2397
2938	1008	2398
2939	1008	2399
2940	1008	2400
2941	1008	2401
2942	1008	2402
2943	1008	2403
2944	1008	2405
2945	1009	2406
2946	1009	2407
2947	1009	2408
2948	1010	2409
2949	1010	2410
2950	1010	2411
2951	1010	2412
2952	1010	2413
2953	1010	2414
2954	1010	2265
2955	1011	2416
2956	1011	2417
2957	1011	2418
2958	1011	2419
2959	1012	2420
2960	1012	2421
2961	1012	2423
2962	1013	1994
2963	1013	2183
2964	1013	2356
2965	1013	2372
2966	1038	2424
2967	1038	2425
2968	1038	2426
2969	1038	2427
2970	1038	2428
2971	1038	2429
2972	1038	2430
2973	1039	2431
2974	1039	2432
2975	1039	2433
2976	1039	2434
2977	1039	2435
2978	1039	2436
2979	1039	2437
2980	1040	2438
2981	1040	2439
2982	1040	2440
2983	1040	2441
2984	1041	2442
2985	1041	2443
2986	1041	2444
2987	1042	2445
2988	1042	2446
2989	1042	2447
2990	1043	2448
2991	1043	2449
2992	1043	2450
2993	1043	2451
2994	1043	2452
2995	1043	2453
2996	1044	2454
2997	1044	2455
2998	1044	2456
2999	1044	2457
3000	1044	2458
3001	1044	2459
3002	1045	2460
3003	1045	2461
3004	1045	2462
3005	1045	2463
3006	1045	2464
3007	1046	2465
3008	1046	2466
3009	1046	2467
\.


--
-- TOC entry 2179 (class 0 OID 0)
-- Dependencies: 176
-- Name: cuadrante_avenida_id_cuad_ave_seq; Type: SEQUENCE SET; Schema: public; Owner: postgres
--

SELECT pg_catalog.setval('cuadrante_avenida_id_cuad_ave_seq', 1, false);


--
-- TOC entry 2140 (class 0 OID 16579)
-- Dependencies: 177
-- Data for Name: cuadrante_barrio; Type: TABLE DATA; Schema: public; Owner: postgres
--

COPY cuadrante_barrio (id_cuadra_barrio, id_cuadrante, id_barrio) FROM stdin;
1	472	1
2	474	2
3	474	3
4	474	4
5	475	5
6	475	6
7	476	7
8	476	8
9	477	9
10	477	10
11	478	11
12	478	12
13	479	13
14	479	14
15	479	15
16	480	16
17	480	17
18	480	18
19	480	19
20	504	20
21	506	21
22	507	22
23	507	23
24	508	24
25	508	25
26	508	26
27	509	27
28	509	28
29	509	29
30	510	30
31	510	31
32	510	19
33	511	32
34	511	33
35	511	34
36	512	35
37	512	34
38	513	36
39	513	37
40	514	38
41	514	39
42	514	40
43	514	41
44	514	42
45	514	43
46	515	44
47	515	45
48	515	46
49	515	47
50	515	48
51	516	49
52	540	50
53	541	51
54	541	52
55	542	53
56	542	54
57	542	55
58	543	56
59	543	57
60	543	58
61	544	59
62	544	60
63	544	61
64	545	62
65	545	63
66	546	64
67	546	65
68	546	66
69	547	67
70	547	68
71	547	69
72	547	70
73	548	71
74	548	72
75	549	73
76	549	74
77	549	75
78	550	76
79	550	77
80	550	78
81	550	79
82	550	80
83	550	81
84	551	82
85	551	83
86	551	84
87	551	85
88	551	86
89	573	87
90	574	88
91	574	89
92	574	90
93	576	91
94	576	92
95	577	93
96	578	94
97	578	95
98	578	96
99	579	97
100	579	98
101	579	99
102	580	100
103	580	102
104	580	103
105	581	104
106	581	105
107	581	106
108	582	107
109	583	108
110	583	109
111	583	110
112	584	111
113	584	112
114	584	94
115	585	113
116	585	114
117	585	115
118	586	116
119	586	117
120	586	115
121	587	118
122	587	119
123	587	120
124	607	121
125	608	122
126	609	123
127	610	124
128	610	125
129	610	126
130	610	127
131	610	128
132	611	129
133	611	130
134	612	131
135	612	132
136	612	46
137	613	133
138	613	134
139	613	135
140	614	136
141	614	137
142	614	138
143	614	139
144	615	140
145	615	141
146	616	142
147	616	143
148	616	144
149	617	145
150	617	146
151	617	147
152	617	148
153	618	149
154	618	150
155	619	151
156	619	152
157	619	153
158	620	154
159	620	155
160	620	156
161	620	157
162	621	158
163	621	159
164	621	160
165	621	161
166	622	162
167	622	163
168	642	164
169	644	165
170	645	166
171	645	167
172	646	168
173	646	169
174	646	170
175	647	171
176	647	172
177	648	173
178	648	174
179	648	175
180	648	172
181	650	176
182	650	177
183	650	178
184	651	179
185	651	180
186	651	181
187	652	182
188	652	183
189	652	184
190	653	185
191	653	186
192	653	187
193	654	188
194	654	189
195	655	190
196	655	191
197	656	192
198	656	193
199	656	194
200	656	61
201	656	191
202	657	195
203	657	61
204	658	196
205	658	197
206	659	198
207	659	199
208	679	200
209	681	201
210	682	202
211	682	203
212	683	204
213	684	205
214	684	206
215	685	207
216	685	208
217	685	209
218	686	210
219	686	211
220	686	212
221	686	213
222	688	214
223	688	215
224	688	216
225	689	217
226	689	218
227	689	216
228	690	219
229	690	220
230	690	221
231	691	222
232	691	223
233	691	224
234	691	225
235	692	226
236	692	227
237	692	228
238	693	229
239	694	230
240	702	231
241	702	232
242	702	233
243	703	234
244	704	235
245	705	236
246	706	237
247	708	238
248	708	239
249	716	240
250	719	241
251	719	242
252	719	243
253	721	244
254	721	245
255	721	246
256	721	247
257	722	248
258	723	249
259	723	250
260	723	251
261	724	252
262	724	253
263	724	254
264	724	255
265	724	256
266	725	257
267	725	258
268	725	259
269	725	260
270	725	253
271	725	256
272	726	261
273	726	262
274	726	263
275	726	264
276	727	265
277	728	266
278	728	267
279	729	268
280	729	269
281	730	270
282	734	271
283	734	272
284	735	273
285	736	274
286	736	275
287	736	276
288	737	277
289	738	278
290	739	279
291	739	280
292	739	281
293	740	282
294	742	283
295	784	284
296	785	285
297	785	286
298	786	287
299	787	288
300	787	289
301	788	290
302	788	291
303	789	292
304	789	293
305	789	294
306	789	295
307	790	296
308	790	297
309	790	294
310	792	298
311	793	299
312	793	300
313	793	301
314	794	302
315	794	303
316	794	304
317	795	305
318	795	306
319	796	307
320	797	308
321	797	309
322	798	310
323	798	311
324	798	312
325	799	313
326	800	314
327	800	315
328	800	316
329	801	317
330	801	318
331	801	319
332	801	320
333	801	321
334	802	322
335	802	323
336	802	321
337	803	324
338	803	325
339	804	326
340	804	327
341	804	328
342	805	329
343	805	330
344	805	331
345	806	332
346	806	333
347	807	334
348	807	335
349	807	336
350	807	337
351	808	338
352	808	336
353	808	337
354	819	339
355	819	340
356	820	341
357	820	342
358	821	343
359	822	344
360	822	345
361	822	291
362	823	346
363	823	347
364	823	348
365	824	349
366	825	350
367	825	351
368	825	352
369	826	353
370	826	354
371	827	355
372	827	35
373	828	356
374	829	357
375	830	358
376	830	359
377	830	360
378	832	361
379	832	362
380	832	363
381	833	364
382	834	365
383	835	366
384	835	367
385	835	368
386	836	369
387	836	370
388	836	371
389	837	372
390	837	373
391	838	374
392	838	375
393	839	376
394	839	377
395	839	378
396	840	378
397	841	379
398	842	380
399	842	381
400	843	381
401	853	382
402	853	383
403	854	384
404	854	385
405	855	386
406	855	387
407	855	388
408	856	388
409	856	389
410	857	390
411	857	391
412	858	391
413	858	392
414	858	393
415	859	394
416	859	395
417	860	395
418	860	396
419	860	397
420	860	398
421	861	399
422	861	400
423	861	401
424	862	402
425	862	403
426	862	41
427	863	404
428	864	405
429	864	406
430	864	407
431	865	408
432	866	409
433	866	410
434	867	411
435	867	412
436	868	413
437	868	414
438	869	415
439	870	416
440	870	415
441	871	417
442	872	418
443	872	419
444	872	420
445	873	421
446	873	422
447	873	423
448	873	424
449	874	425
450	874	426
451	874	427
452	874	428
453	875	429
454	875	430
455	875	403
456	875	403
457	876	431
458	877	432
459	878	432
460	886	433
461	887	434
462	887	264
463	887	283
464	888	435
465	888	436
466	888	437
467	888	438
468	889	439
469	890	440
470	890	441
471	891	442
472	892	442
473	893	443
474	894	443
475	894	444
476	894	445
477	895	446
478	896	447
479	898	448
480	898	142
481	898	259
482	899	449
483	899	450
484	899	289
485	899	448
486	900	451
487	900	452
488	900	453
489	900	450
490	901	454
491	902	455
492	902	456
493	902	457
494	903	458
495	903	459
496	903	460
497	904	461
498	904	462
499	904	463
500	905	464
501	905	465
502	905	466
503	905	467
504	906	468
505	906	469
506	907	470
507	907	471
508	908	472
509	908	473
510	908	471
511	909	474
512	910	475
513	910	476
514	911	477
515	911	476
516	912	478
517	921	479
518	934	480
519	935	481
520	935	482
521	935	480
522	936	483
523	936	484
524	936	482
525	937	485
526	938	486
527	938	487
528	938	35
529	938	457
530	938	485
531	939	488
532	939	462
533	939	487
534	940	489
535	941	490
536	941	491
537	942	492
538	942	493
539	942	494
540	943	495
541	943	494
542	944	496
543	946	497
544	946	498
545	970	499
546	970	500
547	971	501
548	972	502
549	973	503
550	973	502
551	974	504
552	976	505
553	976	476
554	977	506
555	977	507
556	977	491
557	978	508
558	978	509
559	979	510
560	979	511
561	980	512
562	980	513
563	1002	514
564	1004	515
565	1005	516
566	1005	517
567	1005	518
568	1007	519
569	1007	520
570	1007	521
571	1007	522
572	1008	148
573	1008	522
574	1009	523
575	1009	524
576	1009	525
577	1010	526
578	1010	527
579	1011	528
580	1011	529
581	1012	530
582	1012	531
583	1012	532
584	1012	509
585	1013	533
586	1014	534
587	1014	535
588	1014	536
589	1036	537
590	1036	538
591	1037	539
592	1037	540
593	1038	541
594	1038	542
595	1038	543
596	1039	544
597	1039	545
598	1040	546
599	1040	547
600	1040	548
601	1041	549
602	1042	550
603	1043	551
604	1043	457
605	1044	552
606	1044	553
607	1045	554
608	1045	555
609	1045	556
610	1046	557
611	1046	558
612	1046	556
613	1047	559
614	1047	426
615	1047	534
616	1048	560
617	1048	561
618	1048	562
\.


--
-- TOC entry 2180 (class 0 OID 0)
-- Dependencies: 178
-- Name: cuadrante_barrio_id_cuadra_barrio_seq; Type: SEQUENCE SET; Schema: public; Owner: postgres
--

SELECT pg_catalog.setval('cuadrante_barrio_id_cuadra_barrio_seq', 1, false);


--
-- TOC entry 2181 (class 0 OID 0)
-- Dependencies: 179
-- Name: cuadrante_id_cuadrante_seq; Type: SEQUENCE SET; Schema: public; Owner: postgres
--

SELECT pg_catalog.setval('cuadrante_id_cuadrante_seq', 1, false);


--
-- TOC entry 2143 (class 0 OID 16586)
-- Dependencies: 180
-- Data for Name: lugar; Type: TABLE DATA; Schema: public; Owner: postgres
--

COPY lugar (id_lugar, nombre_lugar, id_tipo_lugar) FROM stdin;
1	ALEMANIA	2
2	BRASIL	2
3	COLOMBIA	2
4	CUBA	2
5	ESPAÑA	2
6	FRANCIA	2
7	ITALIA	2
8	PERU	2
9	VENEZUELA	2
10	PANAMA	2
11	MINISTERIO DE CULTURA	3
12	MINISTERIO DEL AMBIENTE	3
13	MINISTERIO DE FINANZAS	3
14	MINISTERIO DE EDUCACION	3
15	MINISTERIO DE SALUD PUBLICA	3
16	MINISTERIO DE TRABAJO Y EMPLEO 	3
17	MINISTERIO DE TURISMO	3
18	MINISTERIO DE MINAS Y PETROLEO	3
19	MINISTERIO DE AGRICULTURA	3
20	BIBLIOTECA AURELIO ESPINOZA POLIT	4
21	BIBLIOTECA EUGENIO ESPEJO	4
22	BIBLIOTECA JURIDICA ECUATORIANA 	4
23	BIBLIOTECA MUNICIPAL 	4
24	AGORA CASA DE LA CULTURA	5
25	CONSERVATORIO SUPERIOR NACIONAL DE MUSICA 	5
26	FUNDACION CASPICARA	5
27	ITCHIMBIA	5
28	ALIANZA FRANCESA	5
29	BEMJAMIN CARRION	5
30	FUNDACION TEATRO BOLIBAR	5
31	MUSEO AERONAUTICO Y DEK ESPACIO	6
32	MUSEO CASA DE BENALCAZAR	6
33	MUSEO DE ARTE COLONIAL	6
34	MUSEO DE CIENCIAS NATURALES	6
35	MUSEO DE LA CIUDAD	6
36	FUNDACION DE GUAYASAMIN	6
37	MUSEO MARIA AUGUSTA URRUTIA	6
38	MUSEO METROPOLITANO	6
39	TEMPLO DE LA PATRIA	6
40	YAKU MUSEO DEL AGUA	6
41	UNIVERSIDAD ANDINA SIMON BOLIBAR 	7
42	UNIVERSIDAD CENTRAL DEL ECUADOR	7
43	UNIVERSIDAD DE LAS AMERICAS	7
44	UNIVERSIDAD POLITECNICA SALESIANA SUR	7
45	UNIVERSIDAD POLITECNICA SALESIAN NORTE	7
46	PONTIFICA UNIVERSIDAD CATOLICA DEL ECUADOR	7
47	ESCUELA POLITECNICA NACIONAL	7
48	FACULTAD DE IDIOMAS ESPE	7
49	UNIVERSIDAD JAVERIANA 	7
50	HOSPITAL CARLOS ANDRADE MARIN	8
51	HOSPITAL EUGENIO ESPEJO	8
52	HOSPITAL INGLES	8
53	HOSPITAL METROPOLITANO	8
54	HOSPITAL PABLO ARTURO SUAREZ	8
55	HOSPITAL PEDIATRICO BACA ORTIZ	8
56	HOSPITAL PSQUIATRICO CORAZON DE JESUS	8
57	HOSPITAL SAN BARTOLO	8
58	HOSPITAL SANTA MARIA	8
59	HOSPITAL VOZ ANDES	8
60	HOSPITAL DEL SUR ENRIQUE GARCES	8
61	HOSPITAL DE LAS FUERZAS ARMADAS	8
62	HOSPITAL GINECO OBSTRETRICO ISIDRO AYORA	8
63	HOSPITAL ONCOLOGICO SOLON ESPINOZA SOLCA	8
64	CEMENTERIO ALEMAN EL BATAN	11
65	CEMENTERIO DE CHILLOGALLO	11
66	CEMENTERIO DE GUAJALO	11
67	CEMENTERIO EL CONDADO	11
68	CEMENTERIO EL TEJAR	11
69	CEMENETERIO LA MAGDALENA	11
70	CEMENTERIO PARQUE DE LOS RECUERDOS	11
71	CEMENTERIO SAN DIEGO	11
72	CEMENTERIO SAN ISIDRO DEL INCA	11
73	HOTEL AKROS	12
74	HOTEL AMARANTA	12
75	HOTEL BARNARD	12
76	HOTEL CUMANDA	12
77	HOTEL EMBASSY	12
78	HOTEL HILTON COLON	12
79	HOTEL PLAZA GRANDE	12
80	HOTEL QUITO	12
81	HOTEL RIO AMAZONAS	12
82	HOTEL SWISSOTEL	12
83	HOTEL TAMBO REAL	12
84	PLAZA ARTIGAS	13
85	EL PANECILLO	13
86	PARQUE CHILIBULO	13
87	PARQUE DE LA MUJER Y EL NIÑO	13
88	PARQUE DE LA REPUBLICA	13
89	PARQUE DE LOS ENAMORADOS	13
90	EL FLORON	13
91	LA RECOLETA	13
92	BASILICA DEL VOTO NACIONAL	14
93	IGLESIA DE LA REPUBLICA	14
94	EL SAGRARIO	14
95	EPISCOPAL ECUATORIANA	14
96	IGLESIA DE GUAPULO	14
97	IGLESIA HERMANO MIGUEL	14
98	IGLESIA LA COMPAÑIA DE JESUS	14
99	IGLESIA LA DOLOROSA	14
100	IGLESIA LA MAGDALENA	14
101	IGLESIA SAN FRANCISCO	14
\.


--
-- TOC entry 2144 (class 0 OID 16589)
-- Dependencies: 181
-- Data for Name: lugar_cuadrante; Type: TABLE DATA; Schema: public; Owner: postgres
--

COPY lugar_cuadrante (id_lugar_cua, id_lugar, id_cuadrante) FROM stdin;
\.


--
-- TOC entry 2182 (class 0 OID 0)
-- Dependencies: 182
-- Name: lugar_cuadrante_id_lugar_cua_seq; Type: SEQUENCE SET; Schema: public; Owner: postgres
--

SELECT pg_catalog.setval('lugar_cuadrante_id_lugar_cua_seq', 1, false);


--
-- TOC entry 2183 (class 0 OID 0)
-- Dependencies: 183
-- Name: lugar_id_lugar_seq; Type: SEQUENCE SET; Schema: public; Owner: postgres
--

SELECT pg_catalog.setval('lugar_id_lugar_seq', 1, false);


--
-- TOC entry 2184 (class 0 OID 0)
-- Dependencies: 185
-- Name: sub_menu_idsubmenu_seq; Type: SEQUENCE SET; Schema: public; Owner: postgres
--

SELECT pg_catalog.setval('sub_menu_idsubmenu_seq', 15, true);


--
-- TOC entry 2147 (class 0 OID 16596)
-- Dependencies: 184
-- Data for Name: sub_menus; Type: TABLE DATA; Schema: public; Owner: postgres
--

COPY sub_menus (idsubmenu, nombre_submenu, parent_idsubmenu, tipo_usuario, ruta_menu) FROM stdin;
1	Buscar	1	1	#
3	Sugerencias	3	1	#
7	Buscar	7	2	#
9	Sugerencias	9	2	#
2	Barrio Cuadrante	1	1	/pages/cuadranteBarrio.xhtml
4	Nueva Sugerencia	3	1	/pages/sugerencia.xhtml
5	Historial de Sugerencias	3	1	/pages/historialSugerencias.xhtml
8	Barrio Cuadrante	7	2	/pages/cuadranteBarrio.xhtml
10	Nueva Sugerencia	9	2	/pages/sugerencia.xhtml
11	Historial de Sugerencias	9	2	/pages/historialSugerencias.xhtml
6	Mantenimiento	6	1	#
12	Usuarios	6	1	/pages/usuarios.xhtml
14	Avenida Cuadrante	1	1	/pages/cuadranteAvenida.xhtml
15	Avenida Cuadrante	7	2	/pages/cuadranteAvenida.xhtml
\.


--
-- TOC entry 2149 (class 0 OID 16601)
-- Dependencies: 186
-- Data for Name: sugerencias; Type: TABLE DATA; Schema: public; Owner: postgres
--

COPY sugerencias (id_sugerencias, descripcion, fecha, id_usuario) FROM stdin;
3	jkglhjglk jflkghhhjlk jflhgkfljk jflhgkkkljk jfgkhjl kfjlghkfhjl kjffghlkkjlk jfghlkkklgk jlfkgh	21-05-2014	1
4	FGHGFH FGHFGH FGHFGH FGHFGH	21-05-2014	1
5	GHJHGJHG GJGHJGH GHJGHJHGJ	21-05-2014	1
6	MMMMMMMMMMMMMM	21-05-2014	1
7	ZZZZZZZZZZZZZZZZZZZ	21-05-2014	1
8	TTTTTTTTTTTTTTTTTT	21-05-2014	1
9	DHGGL JLDFHKLJG KJFLHKFJ LKFHJLKJ LKFHJLGKJ LFKHGLJGK JFLHKGFJLK JFFLHGKJKL JFLKGHJGLK JFLLLHJKGHL JLFFHGKJKGLJ LFKKJHHGLK JLFKHGJ DLFJGDLFKGJ LDKFGJDLFKGJ LDKFJGDFLKGJ LDKFJGDFLGKJDFGLK JDLKFGJDFLGKF	21-05-2014	1
10	GH FHJGHJH GHJGHJ GHJGHJ	21-05-2014	1
11	HJKHJK GHJKHJKHJK GHKHJKHJ HJKHJK HJKHJK HJKHJK	21-05-2014	1
12	BBBBBBBBBBBBBBBBBBBBBB	21-05-2014	1
13	OOOOOOOOOOOOOO	21-05-2014	1
14	fdgfgdfgdfgdfgdfgdfgfdg	21-05-2014	1
15	pppppppppppppppppppppp	21-05-2014	1
16	wwwwwwwwwwwwwwwwww	21-05-2014	1
17	qqqqqqqqqqqqqqqqq lllllllllllllllllll mmmmmmmmmmmm	22-05-2014	1
18	jkljkljkljkljkl	22-05-2014	1
19	HJKHJKJHKJHK	24-05-2014	1
20	AYUDA CON EL BARRIO S/N	26-05-2014	1
21	PRUEBA DE EDISON	26-05-2014	1
22	PRUEBA DE WALTER	26-05-2014	3
23	PRUEBA DE OSWALDO	26-05-2014	6
24	JXGHFKDJGDFHGJFDH	31-05-2014	3
\.


--
-- TOC entry 2185 (class 0 OID 0)
-- Dependencies: 187
-- Name: sugerencias_id_sugerencias_seq; Type: SEQUENCE SET; Schema: public; Owner: postgres
--

SELECT pg_catalog.setval('sugerencias_id_sugerencias_seq', 24, true);


--
-- TOC entry 2151 (class 0 OID 16606)
-- Dependencies: 188
-- Data for Name: tipo_lugar; Type: TABLE DATA; Schema: public; Owner: postgres
--

COPY tipo_lugar (id_tipo_lugar, tipo_lugar) FROM stdin;
1	SERVICIO PUBLICO
2	EMBAJADAS Y CONSULADOS
3	MINISTERIOS
4	BIBLIOTECAS
5	CENTROS DE CULTURA
6	MUSEOS
7	UNIVERSIDADES
8	HOSPITALES
9	CENTROS COMERCIALES
10	SUPER MERCADOS
11	CEMENTERIOS
12	HOTELES
13	PARQUES Y PLAZAS
14	IGLESIAS
\.


--
-- TOC entry 2186 (class 0 OID 0)
-- Dependencies: 189
-- Name: tipo_lugar_id_tipo_lugar_seq; Type: SEQUENCE SET; Schema: public; Owner: postgres
--

SELECT pg_catalog.setval('tipo_lugar_id_tipo_lugar_seq', 1, false);


--
-- TOC entry 2153 (class 0 OID 16611)
-- Dependencies: 190
-- Data for Name: usuario; Type: TABLE DATA; Schema: public; Owner: postgres
--

COPY usuario (usuario, nombres_usuario, clave, email, ciudad, pais, tipo_usuario, idusuario) FROM stdin;
XAVIER	XAVIER ARIAS	1234	ejemplo@ejemplo.com	QUITO	ECUADOR	1	17
ALFONSO	ALFONSO	1234	ejemplo@ejemplo.com	QUITO	ECUADOR	2	18
HIRMA	HIRMA PASTRANO	1234	ejemplo@ejemplo.com	QUITO	ECUADOR	2	19
EDISON	EDISON RODRIGO JUMBO BALCAZAR	1234	ejumbo_baldor@hotmail.com	QUITO	ECUADOR	1	1
PEDRO	PEDRO	1234	ERT@HOTMAIL.COM	QUITO	ECUADOR	2	2
OSWALDO	OSWALDO	1234	ejemplo@ejemplo.com	QUITO	ECUADOR	1	6
DAVID	DAVID	12345	ejemplo@ejemplo.com	QUITO	ECUADOR	1	9
XAVIER	XAVIER	12345	ejemplo@ejemplo.com	QUITO	ECUADOR	1	8
WALTER	WALTER	MIMOSIN	DSDF	WE	WER	2	3
DANNY	DANNY	MASTER	ejemplo@ejemplo.com	QUITO	ECUADOR	1	7
LOLO	LOLO	1234	ejemplo@ejemplo.com	QUITO	ECUADOR	1	20
USUARIO	USUARIO PRUEBAS	1234	ejemplo@ejemplo.com	QUITO	ECUADOR	2	21
\.


--
-- TOC entry 2187 (class 0 OID 0)
-- Dependencies: 191
-- Name: usuario_idusuario_seq; Type: SEQUENCE SET; Schema: public; Owner: postgres
--

SELECT pg_catalog.setval('usuario_idusuario_seq', 21, true);


--
-- TOC entry 2155 (class 0 OID 16616)
-- Dependencies: 192
-- Data for Name: zonas; Type: TABLE DATA; Schema: public; Owner: postgres
--

COPY zonas (id_zona, nombre_zona) FROM stdin;
1	NORTE
2	CENTRO
3	SUR
\.


--
-- TOC entry 2188 (class 0 OID 0)
-- Dependencies: 193
-- Name: zonas_id_zona_seq; Type: SEQUENCE SET; Schema: public; Owner: postgres
--

SELECT pg_catalog.setval('zonas_id_zona_seq', 1, false);


--
-- TOC entry 1978 (class 2606 OID 16634)
-- Name: avenida_pkey; Type: CONSTRAINT; Schema: public; Owner: postgres; Tablespace: 
--

ALTER TABLE ONLY avenida
    ADD CONSTRAINT avenida_pkey PRIMARY KEY (id_avenida);


--
-- TOC entry 1980 (class 2606 OID 16636)
-- Name: barrios_pkey; Type: CONSTRAINT; Schema: public; Owner: postgres; Tablespace: 
--

ALTER TABLE ONLY barrios
    ADD CONSTRAINT barrios_pkey PRIMARY KEY (id_barrio);


--
-- TOC entry 1986 (class 2606 OID 16638)
-- Name: cuadrante_avenida_pkey; Type: CONSTRAINT; Schema: public; Owner: postgres; Tablespace: 
--

ALTER TABLE ONLY cuadrante_avenida
    ADD CONSTRAINT cuadrante_avenida_pkey PRIMARY KEY (id_cuad_ave);


--
-- TOC entry 1992 (class 2606 OID 16640)
-- Name: cuadrante_barrio_pkey; Type: CONSTRAINT; Schema: public; Owner: postgres; Tablespace: 
--

ALTER TABLE ONLY cuadrante_barrio
    ADD CONSTRAINT cuadrante_barrio_pkey PRIMARY KEY (id_cuadra_barrio);


--
-- TOC entry 1982 (class 2606 OID 16642)
-- Name: cuadrante_pkey; Type: CONSTRAINT; Schema: public; Owner: postgres; Tablespace: 
--

ALTER TABLE ONLY cuadrante
    ADD CONSTRAINT cuadrante_pkey PRIMARY KEY (id_cuadrante);


--
-- TOC entry 2015 (class 2606 OID 16644)
-- Name: idusuario; Type: CONSTRAINT; Schema: public; Owner: postgres; Tablespace: 
--

ALTER TABLE ONLY usuario
    ADD CONSTRAINT idusuario PRIMARY KEY (idusuario);


--
-- TOC entry 2006 (class 2606 OID 16646)
-- Name: lugar_cuadrante_pkey; Type: CONSTRAINT; Schema: public; Owner: postgres; Tablespace: 
--

ALTER TABLE ONLY lugar_cuadrante
    ADD CONSTRAINT lugar_cuadrante_pkey PRIMARY KEY (id_lugar_cua);


--
-- TOC entry 2000 (class 2606 OID 16648)
-- Name: lugar_pkey; Type: CONSTRAINT; Schema: public; Owner: postgres; Tablespace: 
--

ALTER TABLE ONLY lugar
    ADD CONSTRAINT lugar_pkey PRIMARY KEY (id_lugar);


--
-- TOC entry 2008 (class 2606 OID 16650)
-- Name: sub_menu_pk; Type: CONSTRAINT; Schema: public; Owner: postgres; Tablespace: 
--

ALTER TABLE ONLY sub_menus
    ADD CONSTRAINT sub_menu_pk PRIMARY KEY (idsubmenu);


--
-- TOC entry 2011 (class 2606 OID 16652)
-- Name: sugerencias_pkey; Type: CONSTRAINT; Schema: public; Owner: postgres; Tablespace: 
--

ALTER TABLE ONLY sugerencias
    ADD CONSTRAINT sugerencias_pkey PRIMARY KEY (id_sugerencias);


--
-- TOC entry 2013 (class 2606 OID 16654)
-- Name: tipo_lugar_pkey; Type: CONSTRAINT; Schema: public; Owner: postgres; Tablespace: 
--

ALTER TABLE ONLY tipo_lugar
    ADD CONSTRAINT tipo_lugar_pkey PRIMARY KEY (id_tipo_lugar);


--
-- TOC entry 2017 (class 2606 OID 16656)
-- Name: zonas_pkey; Type: CONSTRAINT; Schema: public; Owner: postgres; Tablespace: 
--

ALTER TABLE ONLY zonas
    ADD CONSTRAINT zonas_pkey PRIMARY KEY (id_zona);


--
-- TOC entry 1987 (class 1259 OID 16657)
-- Name: id_avenida; Type: INDEX; Schema: public; Owner: postgres; Tablespace: 
--

CREATE INDEX id_avenida ON cuadrante_avenida USING btree (id_avenida);


--
-- TOC entry 1993 (class 1259 OID 16658)
-- Name: id_barrio; Type: INDEX; Schema: public; Owner: postgres; Tablespace: 
--

CREATE INDEX id_barrio ON cuadrante_barrio USING btree (id_barrio);


--
-- TOC entry 1988 (class 1259 OID 16659)
-- Name: id_cuadrante; Type: INDEX; Schema: public; Owner: postgres; Tablespace: 
--

CREATE INDEX id_cuadrante ON cuadrante_avenida USING btree (id_cuadrante);


--
-- TOC entry 2001 (class 1259 OID 16660)
-- Name: id_cuadrante1; Type: INDEX; Schema: public; Owner: postgres; Tablespace: 
--

CREATE INDEX id_cuadrante1 ON lugar_cuadrante USING btree (id_cuadrante);


--
-- TOC entry 1994 (class 1259 OID 16661)
-- Name: id_cuadrante2; Type: INDEX; Schema: public; Owner: postgres; Tablespace: 
--

CREATE INDEX id_cuadrante2 ON cuadrante_barrio USING btree (id_cuadrante);


--
-- TOC entry 2002 (class 1259 OID 16662)
-- Name: id_lugar; Type: INDEX; Schema: public; Owner: postgres; Tablespace: 
--

CREATE INDEX id_lugar ON lugar_cuadrante USING btree (id_lugar);


--
-- TOC entry 1997 (class 1259 OID 16663)
-- Name: id_tipo_lugar; Type: INDEX; Schema: public; Owner: postgres; Tablespace: 
--

CREATE INDEX id_tipo_lugar ON lugar USING btree (id_tipo_lugar);


--
-- TOC entry 2009 (class 1259 OID 16664)
-- Name: id_usuario; Type: INDEX; Schema: public; Owner: postgres; Tablespace: 
--

CREATE INDEX id_usuario ON sugerencias USING btree (id_usuario);


--
-- TOC entry 1983 (class 1259 OID 16665)
-- Name: id_zona; Type: INDEX; Schema: public; Owner: postgres; Tablespace: 
--

CREATE INDEX id_zona ON cuadrante USING btree (id_zona);


--
-- TOC entry 1989 (class 1259 OID 16666)
-- Name: ifk_rel_01; Type: INDEX; Schema: public; Owner: postgres; Tablespace: 
--

CREATE INDEX ifk_rel_01 ON cuadrante_avenida USING btree (id_avenida);


--
-- TOC entry 1995 (class 1259 OID 16667)
-- Name: ifk_rel_02; Type: INDEX; Schema: public; Owner: postgres; Tablespace: 
--

CREATE INDEX ifk_rel_02 ON cuadrante_barrio USING btree (id_barrio);


--
-- TOC entry 1990 (class 1259 OID 16668)
-- Name: ifk_rel_03; Type: INDEX; Schema: public; Owner: postgres; Tablespace: 
--

CREATE INDEX ifk_rel_03 ON cuadrante_avenida USING btree (id_cuadrante);


--
-- TOC entry 1996 (class 1259 OID 16669)
-- Name: ifk_rel_04; Type: INDEX; Schema: public; Owner: postgres; Tablespace: 
--

CREATE INDEX ifk_rel_04 ON cuadrante_barrio USING btree (id_cuadrante);


--
-- TOC entry 2003 (class 1259 OID 16670)
-- Name: ifk_rel_05; Type: INDEX; Schema: public; Owner: postgres; Tablespace: 
--

CREATE INDEX ifk_rel_05 ON lugar_cuadrante USING btree (id_cuadrante);


--
-- TOC entry 2004 (class 1259 OID 16671)
-- Name: ifk_rel_06; Type: INDEX; Schema: public; Owner: postgres; Tablespace: 
--

CREATE INDEX ifk_rel_06 ON lugar_cuadrante USING btree (id_lugar);


--
-- TOC entry 1998 (class 1259 OID 16672)
-- Name: ifk_rel_07; Type: INDEX; Schema: public; Owner: postgres; Tablespace: 
--

CREATE INDEX ifk_rel_07 ON lugar USING btree (id_tipo_lugar);


--
-- TOC entry 1984 (class 1259 OID 16673)
-- Name: ifk_rel_08; Type: INDEX; Schema: public; Owner: postgres; Tablespace: 
--

CREATE INDEX ifk_rel_08 ON cuadrante USING btree (id_zona);


--
-- TOC entry 2019 (class 2606 OID 16674)
-- Name: cuadrante_avenida_id_avenida_fkey; Type: FK CONSTRAINT; Schema: public; Owner: postgres
--

ALTER TABLE ONLY cuadrante_avenida
    ADD CONSTRAINT cuadrante_avenida_id_avenida_fkey FOREIGN KEY (id_avenida) REFERENCES avenida(id_avenida);


--
-- TOC entry 2020 (class 2606 OID 16679)
-- Name: cuadrante_avenida_id_cuadrante_fkey; Type: FK CONSTRAINT; Schema: public; Owner: postgres
--

ALTER TABLE ONLY cuadrante_avenida
    ADD CONSTRAINT cuadrante_avenida_id_cuadrante_fkey FOREIGN KEY (id_cuadrante) REFERENCES cuadrante(id_cuadrante);


--
-- TOC entry 2021 (class 2606 OID 16684)
-- Name: cuadrante_barrio_id_barrio_fkey; Type: FK CONSTRAINT; Schema: public; Owner: postgres
--

ALTER TABLE ONLY cuadrante_barrio
    ADD CONSTRAINT cuadrante_barrio_id_barrio_fkey FOREIGN KEY (id_barrio) REFERENCES barrios(id_barrio);


--
-- TOC entry 2022 (class 2606 OID 16689)
-- Name: cuadrante_barrio_id_cuadrante_fkey; Type: FK CONSTRAINT; Schema: public; Owner: postgres
--

ALTER TABLE ONLY cuadrante_barrio
    ADD CONSTRAINT cuadrante_barrio_id_cuadrante_fkey FOREIGN KEY (id_cuadrante) REFERENCES cuadrante(id_cuadrante);


--
-- TOC entry 2018 (class 2606 OID 16694)
-- Name: cuadrante_id_zona_fkey; Type: FK CONSTRAINT; Schema: public; Owner: postgres
--

ALTER TABLE ONLY cuadrante
    ADD CONSTRAINT cuadrante_id_zona_fkey FOREIGN KEY (id_zona) REFERENCES zonas(id_zona);


--
-- TOC entry 2024 (class 2606 OID 16699)
-- Name: lugar_cuadrante_id_cuadrante_fkey; Type: FK CONSTRAINT; Schema: public; Owner: postgres
--

ALTER TABLE ONLY lugar_cuadrante
    ADD CONSTRAINT lugar_cuadrante_id_cuadrante_fkey FOREIGN KEY (id_cuadrante) REFERENCES cuadrante(id_cuadrante);


--
-- TOC entry 2025 (class 2606 OID 16704)
-- Name: lugar_cuadrante_id_lugar_fkey; Type: FK CONSTRAINT; Schema: public; Owner: postgres
--

ALTER TABLE ONLY lugar_cuadrante
    ADD CONSTRAINT lugar_cuadrante_id_lugar_fkey FOREIGN KEY (id_lugar) REFERENCES lugar(id_lugar);


--
-- TOC entry 2023 (class 2606 OID 16709)
-- Name: lugar_id_tipo_lugar_fkey; Type: FK CONSTRAINT; Schema: public; Owner: postgres
--

ALTER TABLE ONLY lugar
    ADD CONSTRAINT lugar_id_tipo_lugar_fkey FOREIGN KEY (id_tipo_lugar) REFERENCES tipo_lugar(id_tipo_lugar);


--
-- TOC entry 2163 (class 0 OID 0)
-- Dependencies: 6
-- Name: public; Type: ACL; Schema: -; Owner: postgres
--

REVOKE ALL ON SCHEMA public FROM PUBLIC;
REVOKE ALL ON SCHEMA public FROM postgres;
GRANT ALL ON SCHEMA public TO postgres;
GRANT ALL ON SCHEMA public TO PUBLIC;


-- Completed on 2014-07-19 16:49:40 ECT

--
-- PostgreSQL database dump complete
--

